"Survey.Years","Sex","Age.Group","Measure","Percent","Standard.Error","Lower.95..CI.Limit","Upper.95..CI.Limit"
"2003-2004","Male","70 and over","High Total Cholesterol",61.2,4.86,53.9433784207096,64.9660846235231
"2003-2004","Male","6-11","Obesity",11.7,3.24,6.61379402636085,15.4031585342484
"2017-2018","Female","40-49","High Total Cholesterol",21,6.55,15.688795636408,25.6500574046513
"2001-2002","Male","12-19","Obesity",85.4,4.35,82.3898607567884,92.5091275654035
"2009-2010","Female","12-19","High Total Cholesterol",52.4,6.47,47.3963867077604,58.5384391767206
"2007-2008","Female","60-69","Obesity",38.5,4.11,31.2746262471192,44.5370619379682
"2005-2006","Female","50-59","Obesity",53.4,5.05,49.050863182731,55.8465136104263
"2009-2010","Female","6-11","Hypertension",14.5,2.33,11.8592469466385,21.0984106541146
"2015-2016","Female","30-39","High Total Cholesterol",46.3,2.52,43.5273116025608,51.6111312936526
"2017-2018","Female","40-49","Obesity",19.2,7.35,14.5745883979136,26.16354354301
"2007-2008","Male","12-19","Hypertension",23.9,7.45,20.2570670107147,26.7890298836632
"2003-2004","Female","2-5","Obesity",73.3,2.52,66.5801394700073,79.0060659590643
"2015-2016","Female","70 and over","Obesity",62,4.73,60.0432292120531,66.7564624188235
"2015-2016","Female","60-69","Hypertension",87.3,3.03,83.5872580016265,94.4313846020494
"2015-2016","Male","70 and over","High Total Cholesterol",15,7.42,10.9271555487067,16.8654914328363
"2003-2004","Male","2-5","Hypertension",42.2,6.85,38.381246854132,44.773952675797
"2013-2014","Female","60-69","Hypertension",45.6,4.13,39.629034338193,48.2883068464231
"2017-2018","Male","60-69","High Total Cholesterol",50.2,3.94,44.3440679327352,55.7155448092846
"2011-2012","Male","60-69","High Total Cholesterol",42.7,3.22,39.9803725962294,45.6482739483938
"2017-2018","Male","60-69","Hypertension",17.9,6.65,12.7895030387212,21.78630085357
"2015-2016","Female","60-69","Hypertension",65.2,6.96,60.9738684288925,70.9571835847339
"2003-2004","Female","60-69","Obesity",81.8,2.4,77.6897125228541,87.0696072143735
"2005-2006","Female","6-11","Obesity",28.3,6.43,23.0448802245781,35.5029111739248
"1999-2000","Male","6-11","Hypertension",69.6,3.96,65.3889921462629,76.9986226442503
"2011-2012","Male","6-11","High Total Cholesterol",83.9,4.89,82.0595902059926,86.6147571051028
"2007-2008","Male","12-19","High Total Cholesterol",3.9,3.31,-1.49385094167665,9.90317883864045
"2017-2018","Female","6-11","High Total Cholesterol",46.5,1.04,43.138709902647,49.184708983521
"2011-2012","Male","70 and over","Hypertension",25.6,1.66,19.6822555312188,28.8190300201764
"2015-2016","Female","70 and over","High Total Cholesterol",43.2,0.76,39.3382918589516,47.8072221511276
"2015-2016","Female","50-59","Obesity",38.4,3.17,31.0356187841156,42.2602248978568
"2017-2018","Female","30-39","Hypertension",75.7,5.49,68.6481751320418,79.5348217298044
"2011-2012","Male","40-49","High Total Cholesterol",14.6,2.29,10.9060992948012,17.2096556361299
"2007-2008","Male","6-11","High Total Cholesterol",78.6,3.34,70.9769960210193,83.4565616676351
"2011-2012","Male","2-5","High Total Cholesterol",37.1,6.13,29.7108465748839,41.6174131980166
"2007-2008","Male","6-11","High Total Cholesterol",56.9,6.06,55.2259765600087,60.1969340335112
"2009-2010","Female","6-11","Hypertension",14.2,3.2,12.2356988630956,17.7064165949589
"2015-2016","Female","30-39","High Total Cholesterol",79.7,5.73,73.6158420495223,83.2107824231964
"2001-2002","Female","60-69","Obesity",58.7,3.77,55.5136689366074,65.3070179349044
"2007-2008","Male","12-19","High Total Cholesterol",47.5,2.08,44.812471338897,50.9794721872313
"2013-2014","Female","6-11","High Total Cholesterol",57.9,1.93,55.8277173122391,61.4221664721612
"2001-2002","Female","60-69","Obesity",86.9,0.87,80.4479783377377,91.2339459730778
"1999-2000","Female","70 and over","High Total Cholesterol",71.8,4.6,66.2602033622796,78.2480957337655
"2015-2016","Female","70 and over","High Total Cholesterol",85.6,7.27,81.7495529215317,90.4346774962265
"2015-2016","Female","50-59","Obesity",60.5,0.87,54.6900329941418,66.9690043862211
"2009-2010","Male","6-11","Hypertension",42.7,5.53,36.4628327943385,49.0187578018988
"2007-2008","Male","30-39","Obesity",85.2,0.51,83.1412242607214,88.8557989420835
"2015-2016","Female","70 and over","Hypertension",61.2,7.43,58.9678820062429,66.4706451625563
"2017-2018","Female","12-19","High Total Cholesterol",33.4,7.29,28.5259288486326,40.9003890566295
"2005-2006","Female","70 and over","Obesity",33.2,5.4,25.5625715092057,39.0377252606442
"2009-2010","Female","30-39","Obesity",4.4,5.93,1.72744186697528,9.21980966136325
"2013-2014","Male","60-69","Hypertension",42.3,3.63,37.1203224262688,44.9147019915516
"2009-2010","Male","6-11","Obesity",47.4,5.66,41.4196057492867,50.5700883568265
"2009-2010","Male","40-49","High Total Cholesterol",8.2,5.24,6.69463028868195,12.7794798990246
"2011-2012","Male","60-69","Obesity",67.6,0.59,65.7101085951086,72.5427489808295
"1999-2000","Male","40-49","High Total Cholesterol",16.3,4.25,10.6898831254337,21.4389930526493
"2009-2010","Female","40-49","Obesity",32.9,5.76,26.1583803961752,35.4455376587342
"2001-2002","Female","20-29","Obesity",36.1,0.64,28.1466880318709,38.3384202177636
"1999-2000","Male","2-5","Hypertension",83,5.39,78.3651174913393,89.3260848377831
"2001-2002","Female","60-69","High Total Cholesterol",58.4,6.46,50.7119122573407,61.3644202120835
"2005-2006","Female","70 and over","Hypertension",78.1,3.78,75.6242561860941,80.8047662278637
"2007-2008","Male","40-49","Obesity",38.9,2.32,31.1738765768008,42.4193854029058
"2009-2010","Female","40-49","High Total Cholesterol",64.3,6.07,59.7647812080802,71.66295613111
"2003-2004","Female","6-11","Obesity",20.2,3.48,17.6396781383548,25.017556362832
"2015-2016","Male","70 and over","High Total Cholesterol",48.9,6.58,44.8308890954126,50.5236954485066
"2005-2006","Female","60-69","High Total Cholesterol",81.3,4.9,74.5025893151294,82.8796668312978
"2009-2010","Male","12-19","High Total Cholesterol",28.3,3.66,24.474581120722,30.664306157222
"2015-2016","Female","12-19","High Total Cholesterol",29.6,4.14,21.7191552615492,37.0076821680646
"2015-2016","Male","70 and over","Obesity",40.4,7.32,38.4635170560563,44.2890832500765
"2011-2012","Male","40-49","High Total Cholesterol",80.1,5.28,74.2152754678624,85.6686311357422
"2003-2004","Female","50-59","High Total Cholesterol",62.2,6.37,58.8851791484514,65.271348334197
"2013-2014","Female","50-59","High Total Cholesterol",41.1,3.26,37.7439125483157,47.3223350264831
"2015-2016","Female","30-39","Hypertension",75.5,6.73,71.1972197801806,82.9215068229241
"2003-2004","Male","70 and over","Obesity",24.1,0.68,17.5155845139176,30.0483831293182
"2011-2012","Male","30-39","High Total Cholesterol",36.4,3.13,34.4514759164071,40.9934031942161
"2003-2004","Male","20-29","Obesity",13.5,5.29,6.48146403301507,18.8032658251468
"2011-2012","Male","50-59","High Total Cholesterol",23.3,3.63,17.7777239135001,28.9511076531606
"2009-2010","Female","12-19","Hypertension",62.8,2,59.7777454000432,64.3365442256443
"2017-2018","Female","12-19","High Total Cholesterol",89.4,1.75,81.9515775617678,95.8421552560525
"2007-2008","Female","12-19","High Total Cholesterol",75.4,5.26,68.837913919799,80.2701879204018
"2007-2008","Female","50-59","Obesity",63.7,5.11,57.1110308198724,68.8448928123573
"2013-2014","Female","30-39","Obesity",48.7,3.45,45.6566208521137,53.3179546484491
"2003-2004","Male","40-49","High Total Cholesterol",18.9,4.73,16.0201758859679,25.806221867539
"2017-2018","Female","6-11","Obesity",88.4,3.3,81.0837864739355,90.1282276130281
"2001-2002","Male","20-29","High Total Cholesterol",74.7,4.25,71.5383824410848,80.5545363863232
"2017-2018","Male","40-49","Obesity",87.2,6.43,81.2166832362302,93.8011400059797
"2001-2002","Female","40-49","High Total Cholesterol",48.6,2.24,45.015333652636,55.0236086398596
"2017-2018","Male","30-39","High Total Cholesterol",67.7,5.27,61.7368375772378,69.655262381467
"2009-2010","Male","20-29","High Total Cholesterol",72.2,3.36,65.9699029867072,74.1461507195374
"2005-2006","Male","12-19","High Total Cholesterol",46.6,4.28,41.3078912457218,50.4666193922982
"1999-2000","Female","50-59","Hypertension",48.3,7.34,43.6524523832602,50.6450954236323
"2009-2010","Female","40-49","Hypertension",64.3,4.67,62.3867927253712,66.1610293932725
"2003-2004","Male","6-11","Hypertension",44.5,1.73,41.8799524252536,46.0844574146904
"2013-2014","Male","70 and over","Hypertension",28.6,6.69,21.6516224314924,32.0836901745293
"2003-2004","Male","50-59","Hypertension",49.6,2.9,47.6757522422355,53.7001863956917
"2013-2014","Male","60-69","High Total Cholesterol",54.3,6.42,46.5388930607121,61.304805283621
"1999-2000","Male","60-69","Hypertension",60.4,1.06,54.2718665359775,67.9053060678765
"2011-2012","Female","40-49","Obesity",86.2,0.94,82.004218892823,90.8450607205043
"2011-2012","Male","30-39","High Total Cholesterol",26.6,1.25,24.1363675247645,29.165594175132
"2011-2012","Male","70 and over","Obesity",26,6.48,21.051001019543,29.9225227796705
"2017-2018","Female","70 and over","High Total Cholesterol",25.3,3.21,19.3123367386404,30.8536806269083
"2009-2010","Female","30-39","Obesity",40.8,6.64,36.179326024442,48.1847090983763
"2011-2012","Female","2-5","Hypertension",40.1,2.93,35.1606864913134,45.9574545846786
"2017-2018","Female","6-11","Hypertension",37,3.11,32.8002426967723,44.475331550464
"2007-2008","Female","12-19","High Total Cholesterol",52.4,2.38,45.9289146444993,57.7627132831607
"2009-2010","Male","50-59","High Total Cholesterol",35.5,3.83,32.2782563718501,39.4404737612931
"2013-2014","Female","40-49","Hypertension",35.7,2.04,28.5901092637097,39.7227793402737
"2007-2008","Female","40-49","High Total Cholesterol",29.7,6.15,22.3956580372062,32.6870073680067
"2011-2012","Male","6-11","Obesity",57.3,3.45,55.2973848215304,60.5435612538829
"2005-2006","Female","2-5","Hypertension",17.3,5.67,11.241354106646,23.2663336054655
"2003-2004","Male","12-19","Obesity",14.8,6.6,7.79657093954738,18.0038969908608
"2015-2016","Female","70 and over","High Total Cholesterol",10.1,6.69,4.25533187228721,16.0354471121915
"2011-2012","Male","6-11","Obesity",9.6,3.02,3.19760003339034,14.3952561428538
"2009-2010","Female","60-69","Hypertension",63,4.52,56.4374778096098,70.2397168892203
"2017-2018","Male","60-69","Obesity",87.5,1.2,83.5348842378007,94.8703939765692
"2015-2016","Female","70 and over","Obesity",72,1.44,68.1961997617036,74.3812073831214
"2011-2012","Male","20-29","Obesity",60,1.5,55.3012084326474,62.8893171813106
"2001-2002","Female","20-29","Hypertension",63,1.78,61.1272927706596,67.7188098613406
"2003-2004","Female","2-5","Hypertension",33.1,0.66,27.132119982061,37.5330463996157
"2013-2014","Male","6-11","High Total Cholesterol",59,2.35,51.2739187158877,64.9080964203458
"2005-2006","Female","50-59","Obesity",36.9,0.81,30.5540306088282,41.9069925975986
"2011-2012","Female","60-69","Obesity",13.8,0.88,11.2341339987004,16.6259689671686
"2005-2006","Male","70 and over","Obesity",71.2,2.09,69.4188075107988,77.8067161252722
"1999-2000","Male","30-39","High Total Cholesterol",78.5,1.69,73.6943092315923,80.6298287246609
"2013-2014","Female","30-39","Obesity",39.3,1.65,31.7699645430082,43.45544472693
"2005-2006","Male","40-49","High Total Cholesterol",59.5,4.59,52.0336175693665,61.18911731767
"2015-2016","Male","2-5","Hypertension",53.1,1.38,51.082723449124,59.398112400691
"2013-2014","Female","30-39","Hypertension",80.8,5.45,76.6841066607274,85.429538814188
"2009-2010","Female","40-49","Hypertension",37.4,7.34,35.7783886565361,39.3370040632784
"2005-2006","Male","30-39","High Total Cholesterol",37.5,5.39,29.7107840121025,42.1470503183082
"2013-2014","Female","2-5","Hypertension",29.8,7.22,22.9048780210549,36.2643395890016
"2003-2004","Female","30-39","Obesity",11.5,6.79,9.95184258313384,15.1217826091452
"2005-2006","Female","60-69","Hypertension",66.2,7.46,64.2754277467495,71.1995157745434
"2005-2006","Male","60-69","High Total Cholesterol",80.4,2.17,75.6643387928838,84.9526444787392
"2009-2010","Male","2-5","Hypertension",51.4,5.97,47.2264007226098,53.788010634575
"1999-2000","Male","50-59","High Total Cholesterol",14.4,5.39,7.41726805057842,16.3040356321493
"2017-2018","Female","12-19","High Total Cholesterol",81.6,3.55,79.52107098212,83.1643084159819
"2005-2006","Female","20-29","Obesity",37.5,5.31,31.4522613107692,44.1020426608156
"2015-2016","Male","50-59","Obesity",14.3,1.54,12.5636601481354,18.1232954500709
"2011-2012","Female","50-59","High Total Cholesterol",81.3,0.66,76.1316797259031,86.4818565431749
"2013-2014","Female","50-59","Obesity",41.8,1.45,38.1601782022743,48.1633509684587
"2007-2008","Female","40-49","Hypertension",40.7,5.34,33.8617986124475,43.9741370811127
"2001-2002","Male","70 and over","High Total Cholesterol",39.3,2.67,32.9820682083489,44.8635251054773
"2009-2010","Male","20-29","Obesity",30.3,2.94,24.310629506316,34.0011203669244
"2015-2016","Male","70 and over","Hypertension",15.3,6.8,9.74425636029337,19.1261347186053
"2013-2014","Male","12-19","Obesity",71.8,3.84,66.6557858109707,78.413469078904
"2017-2018","Female","12-19","Obesity",76.2,5.73,73.0081618373981,81.0797715207329
"2005-2006","Female","60-69","Hypertension",19.8,4.95,18.0649996849941,23.6017476104433
"2007-2008","Male","70 and over","High Total Cholesterol",42.8,6.19,38.0908583107637,47.9528685607482
"2011-2012","Male","2-5","High Total Cholesterol",25,4.23,18.0799911809154,32.88718356553
"1999-2000","Female","20-29","Hypertension",10.2,3.48,5.70551396422088,13.1683636960108
"2013-2014","Male","2-5","High Total Cholesterol",69.9,3.95,63.8020138169872,76.8984875835944
"2013-2014","Female","30-39","High Total Cholesterol",27.1,0.92,22.4109963116003,31.9913980192738
"2017-2018","Female","70 and over","Obesity",46.9,4.78,42.4462272898294,49.8851692054654
"2015-2016","Male","30-39","High Total Cholesterol",14.7,4.9,11.0693988380255,19.740515975561
"2013-2014","Female","60-69","Hypertension",44.5,1.59,42.7562238342362,46.9194116184954
"2001-2002","Male","20-29","High Total Cholesterol",77,3.41,71.3339449177729,80.0267961701611
"2007-2008","Female","6-11","Hypertension",4.2,2.48,-1.15100414848421,10.5153100893833
"2015-2016","Female","2-5","Obesity",89.5,3.16,87.0934433924267,94.7606008017901
"2011-2012","Female","12-19","High Total Cholesterol",71.6,6.01,67.8289355273824,76.3442963828798
"2011-2012","Male","50-59","High Total Cholesterol",24.8,7.4,19.0938147003297,30.3425615514396
"2017-2018","Female","60-69","Obesity",67.4,4.06,61.6981657714117,73.7707141730702
"2017-2018","Male","30-39","High Total Cholesterol",43.3,6.15,39.4135164927691,49.3543440001784
"2013-2014","Female","6-11","Obesity",6.1,7.24,2.32873158170842,8.67357209827751
"2009-2010","Male","70 and over","High Total Cholesterol",56.1,3.37,52.2041858555982,62.5495699253166
"2011-2012","Male","30-39","Hypertension",37.8,6.7,30.3216892854078,42.7902034525294
"2017-2018","Female","40-49","High Total Cholesterol",89.7,0.7,83.2610074168071,95.4848711471306
"1999-2000","Male","40-49","Hypertension",41.5,5.3,39.0625973356655,46.0829394977773
"2015-2016","Male","50-59","High Total Cholesterol",3.9,3.21,0.225870615663007,9.41989147183485
"2003-2004","Male","20-29","High Total Cholesterol",5.2,2.48,2.11157379292417,12.1354639148805
"2017-2018","Female","40-49","High Total Cholesterol",29.4,6.37,26.8455308237812,33.9029129466275
"2007-2008","Male","40-49","Hypertension",13.8,4.53,5.97594961728901,19.1966155617964
"2009-2010","Male","70 and over","High Total Cholesterol",13,5.02,10.7558751420584,18.8757851525443
"2015-2016","Male","12-19","Hypertension",42.3,3.04,40.340781571879,46.1743662753841
"2005-2006","Female","30-39","Obesity",38.7,4.75,32.3362924005371,40.8641494611977
"2017-2018","Male","30-39","Obesity",26.6,6.93,24.2263518929482,30.5586166918743
"2011-2012","Female","70 and over","High Total Cholesterol",37,6.46,35.4361925327685,43.332952320925
"2015-2016","Male","40-49","Hypertension",51.4,7.45,44.3343365690438,56.6446949491277
"2011-2012","Male","2-5","Hypertension",23.2,3.53,19.5005944777979,26.6263157026144
"2017-2018","Male","12-19","Hypertension",7.1,6.63,2.41038046861067,10.3269762360957
"2005-2006","Male","60-69","High Total Cholesterol",87.1,3.05,81.882030424336,95.0369119527982
"2013-2014","Male","6-11","High Total Cholesterol",16.9,0.97,14.6677229570691,22.2514827942708
"2015-2016","Male","12-19","High Total Cholesterol",55.3,3.3,53.2502829234116,58.590585614508
"2015-2016","Male","2-5","Obesity",84.7,3.99,77.5638591399649,86.7261187399738
"2015-2016","Female","50-59","High Total Cholesterol",89.3,5.88,84.5319443335291,90.8126150887227
"2007-2008","Female","12-19","High Total Cholesterol",54.5,2.12,49.7962192746345,58.1937752398662
"2011-2012","Male","30-39","Obesity",72.2,3.26,65.8337905700784,79.6473801072454
"2009-2010","Female","60-69","High Total Cholesterol",10.6,3.42,7.97556804425549,17.4443505584728
"1999-2000","Male","70 and over","Obesity",12,5.94,10.2787162543973,15.2855653152801
"2017-2018","Male","2-5","High Total Cholesterol",14.3,4.2,8.99374409457669,18.8757750781486
"2017-2018","Male","2-5","Hypertension",22.6,1.27,19.8813679195242,28.8020544967381
"1999-2000","Male","2-5","Hypertension",32.2,3.88,29.4488769567572,39.4668468941702
"2017-2018","Female","30-39","High Total Cholesterol",55.9,1.21,48.1535811279668,61.2304433599114
"1999-2000","Female","60-69","Hypertension",20.1,6.77,17.5453151704511,24.8934128453489
"2017-2018","Female","30-39","Obesity",27.5,4.35,24.3336938229622,34.6129377052421
"2007-2008","Male","20-29","High Total Cholesterol",10,6.99,4.6827793706907,16.9485660124337
"2011-2012","Male","20-29","Hypertension",58.5,5.94,55.9145100193564,61.1907503595576
"2007-2008","Female","30-39","High Total Cholesterol",77.6,5,71.9125394572271,83.1686791937333
"2017-2018","Male","60-69","Obesity",69.8,2.89,67.0290943519911,72.0618501705583
"2015-2016","Male","70 and over","Obesity",55.6,5.93,50.641660115472,58.9624924385222
"2005-2006","Male","6-11","High Total Cholesterol",60.7,2.47,57.0418163388269,67.7676076116506
"2009-2010","Male","60-69","High Total Cholesterol",68,2.18,62.7518188601825,74.7368440363789
"2001-2002","Female","12-19","High Total Cholesterol",41.8,0.52,36.5706496306928,44.3977742251707
"1999-2000","Male","12-19","Hypertension",21,3.2,17.6961300655967,27.8392917613965
"2007-2008","Female","30-39","High Total Cholesterol",25.6,5.02,22.5346699776361,27.5065910308855
"2015-2016","Female","60-69","Obesity",40.7,6.18,33.3262191374553,43.2723349686014
"2005-2006","Female","30-39","High Total Cholesterol",11.6,1.78,6.33044182581361,18.1810922567034
"2003-2004","Female","50-59","Obesity",5.9,7.37,1.24635441820137,11.2758787648985
"2015-2016","Female","70 and over","Obesity",58.1,5.09,51.6688030419406,62.680897154985
"1999-2000","Male","60-69","Hypertension",49.8,6.27,48.0142631695606,57.3589154235786
"2001-2002","Female","40-49","Obesity",74.5,6.96,68.8943854849786,82.4261781342793
"2005-2006","Male","40-49","Obesity",60.6,4.69,55.040425778972,65.7806029916042
"2017-2018","Male","20-29","Obesity",43.7,2.67,37.173418974434,49.3237953501986
"1999-2000","Female","70 and over","High Total Cholesterol",77.7,5.95,73.6066505455412,84.0969390593702
"2007-2008","Male","70 and over","Hypertension",70.4,5.8,67.5246007549344,74.253061455884
"2007-2008","Female","30-39","Obesity",36.3,6.59,30.6216384398984,43.7282958786935
"2015-2016","Male","2-5","High Total Cholesterol",88.9,3.58,84.4674863955937,92.1242493783124
"2013-2014","Male","70 and over","High Total Cholesterol",21.6,6.39,16.467100686999,26.8640111984219
"2011-2012","Male","60-69","High Total Cholesterol",87.7,5.01,81.346143259597,95.4007917299634
"2015-2016","Male","30-39","High Total Cholesterol",42.2,3.17,39.8033719282132,43.9860966698499
"2007-2008","Female","70 and over","Obesity",30,1.37,25.1075590428663,32.2292791943764
"2001-2002","Female","50-59","Obesity",77.8,4.28,75.4793048223481,82.061813048739
"2017-2018","Female","70 and over","Obesity",64.6,5.13,59.302585705556,70.853905750229
"2009-2010","Female","30-39","Hypertension",51.5,0.91,48.6504869455239,58.1676651128801
"2011-2012","Female","60-69","Hypertension",24,6.83,19.118168758112,30.1334143342683
"2015-2016","Female","50-59","Hypertension",48.6,1.83,41.5323073307751,51.1116247166879
"1999-2000","Male","12-19","Obesity",68.7,7.25,63.4783055963228,72.0420223237481
"2007-2008","Female","70 and over","High Total Cholesterol",46.5,1.15,40.6041433968348,50.4345479393378
"2007-2008","Male","70 and over","Obesity",44.5,1.32,39.8139735204168,52.0950253248448
"2013-2014","Female","30-39","Obesity",46.8,3.66,39.0835639312398,50.4337048349669
"2007-2008","Female","6-11","High Total Cholesterol",56,5.42,53.6173079299042,58.9776710071601
"2011-2012","Male","20-29","Obesity",45.9,3.15,41.7018142241053,47.463171754824
"2005-2006","Female","20-29","Hypertension",20,2.64,14.801064483705,24.6995102140354
"2001-2002","Male","60-69","High Total Cholesterol",47.6,5.43,42.0102875859244,54.2365164852468
"1999-2000","Male","60-69","Hypertension",80.1,5.4,76.4912523615872,85.830554113863
"1999-2000","Female","2-5","Hypertension",9.6,5.68,2.61968387153465,12.1494560535299
"2001-2002","Female","30-39","Hypertension",43.6,3.5,36.090962172742,51.5344397652894
"1999-2000","Male","6-11","Obesity",78.3,1.94,70.9515592709184,80.3768494969234
"2001-2002","Male","70 and over","Hypertension",31.5,3.31,28.0617126621073,37.7500239100773
"2013-2014","Female","2-5","Obesity",54.8,2.48,49.777315163007,57.8361734351609
"1999-2000","Male","2-5","Obesity",43.8,5.77,38.6569694919279,51.5290992881171
"2003-2004","Female","30-39","Obesity",69.1,4.38,62.2267496978398,72.5328515137313
"2001-2002","Female","50-59","Hypertension",49.1,5.91,47.4424861620879,52.1153750731843
"2001-2002","Male","40-49","Hypertension",87.3,4.08,82.0742932678666,92.7806871277979
"2007-2008","Female","2-5","Obesity",85.6,4.77,82.4425857105758,87.3629518414615
"2015-2016","Male","40-49","Obesity",53,5.12,47.009284675587,54.883238533861
"2017-2018","Male","20-29","Obesity",14.6,5.25,11.7759038113523,21.3851130679483
"2009-2010","Female","50-59","High Total Cholesterol",25,1.38,22.3398015135899,27.3554074547719
"2017-2018","Female","6-11","Obesity",89.4,5.03,82.1086944850162,91.2361328189494
"2017-2018","Female","50-59","High Total Cholesterol",38.5,2.25,33.9986404895317,41.902129115304
"2009-2010","Male","6-11","Obesity",22.1,4.77,17.7402992992662,24.1834653229686
"2003-2004","Female","70 and over","High Total Cholesterol",33.3,5.47,27.9819544500904,38.1509837610181
"2005-2006","Male","2-5","Obesity",52.5,4.25,47.3754225482699,58.7406068850541
"2003-2004","Male","60-69","Obesity",5.6,5.73,0.0498527485411611,12.6473850632552
"2011-2012","Female","6-11","Obesity",4.7,6.24,-0.817160260002129,9.30543919587508
"2003-2004","Male","60-69","Obesity",32.2,3.57,29.7443009660812,35.6423350284342
"2001-2002","Male","60-69","Hypertension",25.3,5.83,21.8651400572388,32.0098008006578
"2011-2012","Female","50-59","Obesity",5,7.02,-1.47137324640062,10.5436230738414
"2003-2004","Male","20-29","High Total Cholesterol",69.8,6,64.2818031084724,77.3066243021283
"2015-2016","Male","6-11","High Total Cholesterol",70.9,7.19,65.1509395369561,78.0647958613467
"2011-2012","Female","60-69","High Total Cholesterol",63.3,6.56,55.7286979292519,70.1255256402772
"2015-2016","Male","70 and over","High Total Cholesterol",7.4,2.12,1.94196287202649,8.9186020762194
"2005-2006","Male","40-49","Obesity",60.4,5.46,54.1460284638219,66.1177959968103
"2001-2002","Female","30-39","Hypertension",69.4,6.12,66.824246173352,73.5634678477421
"2009-2010","Male","60-69","Obesity",30.9,3.57,24.4436844580108,37.0119592644973
"2017-2018","Male","20-29","Obesity",38.1,6.4,31.5126319129718,44.7397822720464
"2015-2016","Female","70 and over","Obesity",5.8,1.47,2.98704412132502,10.9242448716657
"2011-2012","Female","12-19","Hypertension",45.8,4.14,41.6449829763267,50.0720536852721
"2007-2008","Female","6-11","High Total Cholesterol",15.3,2.69,10.0881762037287,23.0154183774255
"1999-2000","Female","12-19","Obesity",72.5,4.36,67.832531697466,79.0260595929576
"2003-2004","Male","2-5","High Total Cholesterol",38.6,1.85,33.1000864370959,43.4857900958974
"2001-2002","Female","60-69","Hypertension",84.5,7.27,81.2410117269028,88.7643922441639
"2007-2008","Male","12-19","High Total Cholesterol",66.8,3.18,63.6346924651414,73.4363532318501
"1999-2000","Male","40-49","Obesity",40.8,6.19,34.2075085890945,47.5256334380945
"2003-2004","Female","60-69","Hypertension",72.5,2.6,67.4462121083634,75.1282632377697
"2015-2016","Male","2-5","High Total Cholesterol",34.9,4.18,32.3178772735177,40.067543932097
"2001-2002","Male","20-29","Hypertension",36.1,3.45,28.2574151158566,40.9517339302925
"2009-2010","Female","12-19","High Total Cholesterol",61.6,5.51,56.9249831846915,65.4426716511603
"2003-2004","Female","6-11","Hypertension",41.3,1.57,38.728176504327,42.9487104871776
"2003-2004","Female","12-19","Hypertension",65,3.09,62.1120664908085,69.9962870690506
"2015-2016","Female","50-59","Obesity",40.9,2.37,34.785972542339,46.0085925663356
"2001-2002","Male","30-39","Hypertension",60.9,6.19,58.742031504726,64.5294406118104
"1999-2000","Male","12-19","Obesity",48.5,4.97,46.0805657001911,50.4442032411462
"2009-2010","Male","40-49","Hypertension",81.6,5.87,77.4382055086549,89.0698285646737
"2017-2018","Male","20-29","Hypertension",84.6,4.59,78.9557321877452,89.0064513600897
"2013-2014","Female","50-59","High Total Cholesterol",86.6,7.48,84.9440525953192,93.9000025191577
"2017-2018","Male","30-39","Hypertension",23.3,2.9,20.8331479602028,27.4332788801519
"2017-2018","Male","20-29","Obesity",40.5,3.17,37.3262319341302,46.4442472847877
"2005-2006","Male","70 and over","Hypertension",39.4,6.41,33.2036045583431,46.3241169063607
"2009-2010","Female","6-11","High Total Cholesterol",16.9,3.15,12.5958551375428,20.6931111573707
"2005-2006","Female","6-11","Obesity",49.2,0.85,47.0349170741858,52.3923494857037
"2005-2006","Male","6-11","Hypertension",84.2,0.71,80.2057919761166,87.5704710684251
"2015-2016","Female","30-39","Hypertension",10.9,5.3,6.09690256519243,14.0463723503985
"2013-2014","Male","30-39","Obesity",60.1,6.45,55.2227250960656,62.8355511584319
"2011-2012","Male","30-39","Obesity",18.5,7.09,11.0844078346854,20.1576055120677
"2017-2018","Female","20-29","Hypertension",24.6,4,21.9786521474831,27.8441953454399
"1999-2000","Female","50-59","Obesity",53.4,2.89,49.2221792529803,59.6612288391683
"2001-2002","Male","12-19","Obesity",11.6,1.47,7.39479519673623,15.7105473187054
"2013-2014","Male","60-69","High Total Cholesterol",60.9,5.06,56.4253825346008,68.0020291466266
"2003-2004","Male","6-11","Hypertension",57,1.96,55.2657800662564,62.7044813589891
"2017-2018","Female","30-39","Obesity",78.9,2.52,71.4208520971937,83.0687093605287
"2011-2012","Female","20-29","Obesity",20.3,3.74,13.9065445464337,28.1790758880787
"1999-2000","Male","40-49","Hypertension",30.9,3.94,23.0355919420021,38.4488682751311
"2001-2002","Female","50-59","High Total Cholesterol",38.6,2.69,31.3455995352939,45.1432994691655
"2003-2004","Female","30-39","High Total Cholesterol",83.7,6.05,75.7423288792372,87.4164509372087
"2003-2004","Female","6-11","High Total Cholesterol",6.8,2.33,2.86045042164624,9.97734099854715
"2009-2010","Female","70 and over","High Total Cholesterol",19.8,1.76,16.0449625321897,22.3276112244464
"2017-2018","Male","2-5","Obesity",65.6,1.13,59.0421732092742,72.7612552276347
"2007-2008","Female","50-59","High Total Cholesterol",7.8,2.53,5.35307070573326,13.1390433370369
"2005-2006","Male","60-69","Hypertension",88.4,2.03,83.6299371015979,90.4558162856614
"2001-2002","Female","12-19","High Total Cholesterol",5.2,5.42,-1.12642272533849,11.5992655186448
"1999-2000","Male","2-5","Hypertension",47.3,4.16,44.490916184918,49.8125895813107
"1999-2000","Female","2-5","Obesity",78.3,5.13,72.4551733891247,80.2397283588769
"2007-2008","Male","30-39","High Total Cholesterol",29.2,1.64,24.8153902696678,31.4823459934443
"2001-2002","Male","2-5","Obesity",56.9,6.03,49.5458384419093,58.7312281055842
"2001-2002","Female","60-69","Hypertension",52.2,1.9,48.7928176660091,56.8924202037044
"2003-2004","Male","12-19","Hypertension",42,6.76,36.861937893671,46.8703293415019
"2007-2008","Female","20-29","Hypertension",85,1.14,83.3143689850112,86.7164935844485
"2009-2010","Male","60-69","Hypertension",36.5,5.96,31.3347659645369,42.4495167667046
"2017-2018","Female","12-19","High Total Cholesterol",33,1.13,27.7839178419672,40.4999526134925
"2003-2004","Male","50-59","Hypertension",85.1,1.48,77.5227829613956,86.6619232171448
"2003-2004","Female","30-39","Obesity",11,1.9,5.12014260352589,17.4903329267399
"1999-2000","Female","2-5","Obesity",80,4.43,74.8317676543957,81.7859128206037
"2013-2014","Male","30-39","Hypertension",29,5.1,26.3959460898768,36.1105159290601
"1999-2000","Female","6-11","Hypertension",16.7,2.91,10.309043418197,22.2356634492055
"2005-2006","Female","70 and over","Obesity",12.7,4.19,9.22341597317718,17.3558021589881
"2013-2014","Male","50-59","Obesity",10.1,3.98,4.14106049973052,16.8840261098463
"2017-2018","Male","20-29","Hypertension",23.2,2.71,20.9056058795424,30.2528985338751
"2017-2018","Male","20-29","High Total Cholesterol",77.9,6.24,73.2652832146036,81.6855659044581
"2013-2014","Male","12-19","Obesity",38.9,6.71,36.8357059139293,44.4910205933033
"2011-2012","Male","20-29","High Total Cholesterol",65,4.76,61.5734635317931,72.2525801315205
"2001-2002","Female","2-5","Hypertension",83.9,2.49,81.5582643573638,90.8942757149693
"1999-2000","Female","20-29","Hypertension",29.5,4.43,25.6089621752035,32.7529085671995
"2005-2006","Male","12-19","Obesity",67.3,5.12,62.7376895768801,70.3953474476701
"2015-2016","Male","50-59","Obesity",59.9,3.67,58.2331061759964,64.21973058125
"2007-2008","Male","50-59","Hypertension",29.5,4.91,25.1612709257752,32.7078386904905
"2013-2014","Female","50-59","High Total Cholesterol",4.9,5.08,-2.44646063845139,12.3244297900004
"2001-2002","Male","30-39","High Total Cholesterol",36.2,6.58,33.2300654743332,42.1857455242891
"2007-2008","Male","40-49","Obesity",25,1.33,23.140265788883,29.5387458231999
"2001-2002","Female","30-39","Hypertension",49.3,6.49,45.7528119618772,51.6904102712404
"2009-2010","Female","30-39","Obesity",61.1,2.86,57.7971563363913,65.9170846968424
"2017-2018","Female","70 and over","Hypertension",28.4,6.28,23.8232442361535,36.2243454501498
"2017-2018","Male","2-5","Hypertension",44,7.13,40.1888084911043,46.6966144257458
"2015-2016","Male","30-39","High Total Cholesterol",36,1.99,30.1408958177781,41.354092339403
"2011-2012","Male","20-29","Obesity",11.7,5.62,4.4409980208613,16.6236368951388
"2009-2010","Female","50-59","Hypertension",18.5,4.38,14.2978658261709,24.9082842018688
"2003-2004","Male","2-5","High Total Cholesterol",76.5,1.68,71.6000695163384,79.6880604882026
"2013-2014","Female","70 and over","Obesity",44.1,2.4,40.4018584748497,49.6141210593283
"2011-2012","Male","40-49","Obesity",79.4,1.27,72.5214272318175,81.1338348417543
"2005-2006","Male","50-59","Hypertension",76.2,1,73.634333192301,83.9340486058965
"2013-2014","Female","50-59","High Total Cholesterol",18.1,1.68,14.1021126060747,20.6783544684527
"2003-2004","Female","50-59","Hypertension",66,4.87,60.0889207591536,69.5077789569041
"2013-2014","Female","70 and over","Hypertension",40.1,5.53,32.4076089915121,44.2369774900377
"2009-2010","Male","20-29","High Total Cholesterol",53.9,4.97,50.9014697316801,58.3226362563204
"2005-2006","Female","12-19","High Total Cholesterol",69.8,5.17,63.8353445605142,74.9724315955071
"2011-2012","Female","70 and over","Obesity",83.5,1.15,81.4412616689224,88.5982149157207
"2017-2018","Female","50-59","Obesity",73.1,2.49,66.9985740361968,80.1721109564183
"2013-2014","Female","2-5","Hypertension",84.9,7.15,77.3785911256913,89.1733940620674
"2005-2006","Male","20-29","High Total Cholesterol",29,2.99,22.2356444352772,33.8498993333196
"2017-2018","Female","70 and over","Hypertension",3.1,1.6,0.462152695772238,8.04453420769423
"2015-2016","Female","2-5","High Total Cholesterol",19.5,6.35,17.5505948608043,23.9205101151019
"2009-2010","Male","30-39","Obesity",67.7,6.42,62.6040925049922,71.3223340115976
"2003-2004","Female","2-5","Obesity",58.2,3.16,53.4772895928938,65.3268264207756
"2005-2006","Female","50-59","High Total Cholesterol",47,5.27,40.1267270997632,53.7655494338833
"2015-2016","Female","30-39","Hypertension",5.4,3.84,0.0982027456397194,13.3488684813259
"2015-2016","Female","2-5","High Total Cholesterol",8.3,1.56,2.40227126302198,12.6137365428265
"2005-2006","Male","60-69","Obesity",17.9,4.96,14.9594618460163,22.4287185078487
"2005-2006","Male","2-5","Hypertension",89.5,6.27,85.9057951803552,94.1164741883986
"2009-2010","Male","20-29","Obesity",70.9,3.49,66.11844113525,78.1238923802506
"2007-2008","Female","50-59","Obesity",48.4,3.62,40.7677708011819,53.2495997937862
"1999-2000","Male","12-19","Hypertension",6.8,2.12,3.77022451739758,12.7627780814189
"2013-2014","Male","50-59","Hypertension",26.5,1.05,23.2447550198995,29.1498419386335
"2011-2012","Female","30-39","Hypertension",13,2.88,7.68472054123413,17.5529931553174
"2007-2008","Female","40-49","High Total Cholesterol",65.9,2.08,63.9358466722537,71.8608954658033
"2009-2010","Male","40-49","Obesity",38.2,1.48,36.4585601623869,39.8779251768021
"2003-2004","Male","12-19","High Total Cholesterol",80.1,4.48,73.7790665884037,83.8928717482137
"2013-2014","Male","50-59","Obesity",36.2,5.26,30.7223136885325,38.7831203002017
"2017-2018","Female","12-19","Hypertension",40.2,2.79,33.8052304952173,45.5128521965118
"2007-2008","Female","30-39","High Total Cholesterol",6.5,6.86,3.29505591548514,9.87753276305739
"2011-2012","Female","20-29","Hypertension",42.1,2.21,35.3656428432092,47.0940169748152
"2005-2006","Male","12-19","Obesity",63.4,4.68,56.5295578312129,65.7674567017006
"2015-2016","Female","20-29","High Total Cholesterol",73.3,5.18,70.5981798942201,78.9781763563631
"2003-2004","Female","60-69","Hypertension",16.4,6.04,14.742430310091,18.6980058703106
"2017-2018","Female","20-29","Obesity",51.1,3.59,47.392354977224,56.893925484526
"2011-2012","Female","2-5","Hypertension",41,2.3,36.1397909041261,44.7088989224285
"2001-2002","Female","70 and over","Hypertension",66.4,4.43,58.4324573804392,71.9117683501449
"2015-2016","Female","70 and over","Obesity",39.7,3.61,35.5182209165534,46.5912525562337
"2009-2010","Female","30-39","High Total Cholesterol",42.1,4.45,37.9697206210345,48.7947636815021
"2005-2006","Male","30-39","High Total Cholesterol",68.9,3.62,62.0275844192132,71.5618048930541
"2009-2010","Male","50-59","Hypertension",24.4,7.12,17.4526555746328,27.6240772382356
"2001-2002","Male","30-39","Hypertension",44.2,1.03,42.3291609575273,49.2557310840813
"2001-2002","Male","60-69","Hypertension",22.8,2.79,18.3187356914394,26.4805021236651
"2013-2014","Male","40-49","High Total Cholesterol",41.9,4.25,38.5046322936891,46.1272071560146
"2013-2014","Female","2-5","Obesity",81.6,5.22,78.0842526604189,87.3942300107097
"2007-2008","Male","40-49","Hypertension",85.7,5.29,79.2487892109668,92.309911032021
"2015-2016","Male","6-11","High Total Cholesterol",54,0.54,52.406102697365,56.6359066164587
"2011-2012","Male","20-29","High Total Cholesterol",59.1,5.77,52.8548696661834,63.9496469694655
"2003-2004","Male","40-49","Obesity",85.1,2.37,82.7674254469108,92.3169484749902
"2011-2012","Male","30-39","Obesity",66.8,6.84,61.145168693224,71.1159789221827
"2013-2014","Male","12-19","High Total Cholesterol",85.7,3.88,83.9081308563938,89.911020592018
"2017-2018","Male","2-5","Hypertension",62.4,0.99,56.9119582092157,65.7170518940315
"2007-2008","Male","20-29","Obesity",25.5,2.98,23.2121450534323,30.0441893656971
"1999-2000","Female","20-29","High Total Cholesterol",65.3,5.62,63.4905732253799,72.0895464422181
"2011-2012","Male","60-69","Hypertension",45.6,3.92,39.4183059586445,48.320914893318
"2009-2010","Male","40-49","Hypertension",82.1,5.84,75.3828881071182,89.2726661651628
"2013-2014","Male","60-69","High Total Cholesterol",84.3,2.4,77.820097524859,91.3452292003902
"2005-2006","Male","40-49","High Total Cholesterol",44.5,3.42,39.1947774783475,49.3004135999363
"2009-2010","Male","20-29","Obesity",41.3,5.67,36.687950866716,47.0389641306363
"1999-2000","Male","50-59","Hypertension",54.8,5.59,53.0739009677898,62.7965266505023
"2003-2004","Male","60-69","Hypertension",64.5,1.97,61.4387360832188,70.1638655023417
"2005-2006","Female","30-39","Obesity",87.9,1.05,83.5975358172786,92.6422382629011
"1999-2000","Female","20-29","Obesity",43.5,4.18,37.5573143963702,47.0469508672832
"2007-2008","Male","50-59","High Total Cholesterol",28.9,4.59,22.005653939303,36.8887628233992
"2005-2006","Male","70 and over","High Total Cholesterol",74.9,1.1,72.3722859991016,77.9088086187607
"2001-2002","Female","20-29","Obesity",81.4,0.51,74.9650864483323,85.8038680224912
"2011-2012","Male","30-39","High Total Cholesterol",56.4,1.7,52.0900061902124,59.6220973988296
"2003-2004","Male","2-5","Obesity",26.7,4.86,23.4844737849664,28.5778148017591
"2017-2018","Female","6-11","Hypertension",40.7,5.53,36.464263554709,48.4130735681858
"2003-2004","Male","60-69","Obesity",86.2,7.12,79.3833053496666,88.2012302139076
"1999-2000","Female","50-59","Obesity",47.3,3.84,39.5778396789217,51.8295496576
"2011-2012","Male","30-39","Hypertension",25,7.07,21.2529678599676,27.7463672211161
"2009-2010","Female","30-39","High Total Cholesterol",38.7,3.26,31.8754462450044,46.5776564921718
"2005-2006","Male","20-29","High Total Cholesterol",21.1,0.53,15.3830983282765,28.6472795026144
"2007-2008","Male","40-49","Obesity",46.8,0.63,43.9808915452566,51.6755907115992
"2011-2012","Female","50-59","Hypertension",76.9,5.43,70.0476767804707,84.6123503480107
"2003-2004","Female","12-19","High Total Cholesterol",4.9,7.22,-1.39513317602687,10.9919607370161
"2001-2002","Male","20-29","Obesity",75.4,3.04,69.6623594671022,81.154514131695
"2013-2014","Female","70 and over","High Total Cholesterol",25.2,3.15,22.2505082162563,28.1397225982975
"2005-2006","Male","20-29","High Total Cholesterol",64.7,3.93,61.5296687819529,70.2374571465654
"2009-2010","Female","40-49","Hypertension",60.7,7,56.6184283431387,67.9044024441857
"2017-2018","Female","20-29","High Total Cholesterol",55.9,0.59,49.2397350398591,59.3217201101128
"2011-2012","Male","50-59","Obesity",56.7,1.26,50.4631300879875,60.5193661421537
"2009-2010","Female","12-19","Hypertension",54.8,5.05,47.2535712184152,57.9204883723985
"1999-2000","Male","60-69","High Total Cholesterol",61.9,2.08,60.3442311432213,67.917418049858
"2009-2010","Male","40-49","Obesity",88.3,2.59,85.6534412764711,91.3366553725908
"2013-2014","Female","6-11","High Total Cholesterol",75.9,6.53,70.3772956502857,78.03802590454
"2003-2004","Male","6-11","Hypertension",9.6,5.02,5.31985175542068,12.3479996900074
"2001-2002","Male","40-49","High Total Cholesterol",49,2.95,45.5665560737252,55.2999048101483
"2003-2004","Female","50-59","Hypertension",17.1,3.47,10.1255156039493,20.5150641683955
"1999-2000","Male","12-19","Hypertension",40.6,3.91,37.4678396060132,46.4434296632186
"2001-2002","Male","12-19","High Total Cholesterol",11.7,1.57,8.91878954430576,14.9338373523671
"2001-2002","Female","60-69","High Total Cholesterol",12.2,4.3,10.4731661761645,13.7736942120129
"2013-2014","Female","70 and over","Hypertension",75.4,4.91,73.6219756334089,81.4593393343734
"2017-2018","Female","70 and over","High Total Cholesterol",86,3.41,80.9307412747294,88.8551692113979
"2005-2006","Male","12-19","High Total Cholesterol",38.1,5.57,34.5823591089807,44.6673531724606
"2015-2016","Male","6-11","High Total Cholesterol",35.1,6.98,32.4602364145918,37.5903176074149
"2011-2012","Male","50-59","High Total Cholesterol",42,4.15,34.9301575063728,49.6460920352256
"2013-2014","Male","30-39","Obesity",40.7,3.55,33.0089495938038,47.5109998109285
"2003-2004","Female","6-11","Hypertension",86.8,5.5,84.7369506045477,88.3466063431231
"2009-2010","Female","12-19","High Total Cholesterol",67.5,2.37,62.0046310704201,73.6368801878998
"2009-2010","Female","6-11","Hypertension",27.5,2.75,23.3873271408956,33.4833241718588
"2013-2014","Female","12-19","High Total Cholesterol",45.7,1.39,43.0971651662141,48.5607312212698
"1999-2000","Female","40-49","High Total Cholesterol",88.1,6.8,81.1922753664199,92.037921213801
"2001-2002","Female","50-59","Hypertension",52.4,7.27,46.5586624643533,56.6039879274089
"2007-2008","Male","40-49","High Total Cholesterol",9.9,3.02,5.02835588690359,13.9672997849761
"2013-2014","Female","20-29","Hypertension",8.2,4.12,3.27642096816562,14.7863287434913
"2013-2014","Female","2-5","Hypertension",81.8,2.47,75.6549998624949,83.6271168537904
"2011-2012","Female","20-29","High Total Cholesterol",74.7,1.65,67.5683292958885,76.5532508453354
"2007-2008","Male","40-49","High Total Cholesterol",57.5,6.46,49.8392351707444,62.1647584341699
"1999-2000","Female","12-19","Hypertension",21.6,3.46,14.2796448542736,26.4275658730418
"2017-2018","Male","60-69","High Total Cholesterol",33.3,6.57,26.4950573861832,36.2226705515757
"2015-2016","Female","60-69","Obesity",15.3,4.85,12.811393910856,20.7711100123823
"2015-2016","Male","40-49","Hypertension",40.5,5.76,34.3017762344098,46.1534325944958
"2011-2012","Female","20-29","Hypertension",70.3,0.69,64.6126945337281,76.1255365070654
"2017-2018","Male","6-11","High Total Cholesterol",82.1,4.61,76.1261671777116,84.4638188033365
"2005-2006","Male","40-49","Hypertension",74.9,0.81,72.1979948766297,77.3268094890285
"2013-2014","Male","50-59","Obesity",86.2,7.11,83.8982442745939,94.1981508532073
"2005-2006","Male","2-5","High Total Cholesterol",35.8,3.64,30.6133517308161,38.9528902247082
"2003-2004","Female","60-69","Obesity",7.1,1.59,0.404416228667833,10.0110085305292
"2011-2012","Male","30-39","Obesity",28.2,4.46,21.2254406437743,34.0618010383798
"1999-2000","Female","30-39","Obesity",90,6.61,83.9101714789867,94.0278097490082
"2009-2010","Female","2-5","Hypertension",42,0.94,34.7347731421469,47.2112819963368
"2017-2018","Female","2-5","Hypertension",89.6,7.2,83.8310978112509,91.8122683015186
"2017-2018","Female","2-5","High Total Cholesterol",64.5,6.53,62.0298089914722,71.1715710100252
"1999-2000","Male","30-39","High Total Cholesterol",29.1,4.15,24.2017532047117,33.0214129329193
"2011-2012","Male","20-29","Obesity",82,6.36,78.7041236524237,88.9259455481078
"2007-2008","Male","40-49","Hypertension",44.3,5.55,42.1379372257041,52.1933286835672
"2009-2010","Female","6-11","Obesity",73.9,7.48,72.1990761331748,79.0224280480528
"2017-2018","Male","70 and over","Hypertension",25.1,5.6,19.9532727283891,28.8712173077744
"2009-2010","Male","12-19","High Total Cholesterol",86.4,4,79.9928295116173,94.1626403970644
"2015-2016","Female","12-19","High Total Cholesterol",43.3,6.69,35.9808577604825,49.5393879933516
"2013-2014","Male","6-11","Obesity",14.3,1.84,7.84765993973706,19.4465382813476
"1999-2000","Male","60-69","Hypertension",70,1.87,66.7426350382157,72.6288242518203
"2009-2010","Female","20-29","High Total Cholesterol",15.4,0.95,9.1490679792827,21.0718353197211
"2001-2002","Male","60-69","Hypertension",50.1,6.2,48.366888420796,57.6971308232984
"2013-2014","Female","2-5","Obesity",60.2,5.4,54.7135866131168,66.0344293208793
"2017-2018","Male","30-39","Obesity",53.1,0.81,45.3146894960897,59.0215172110125
"2013-2014","Female","40-49","Hypertension",46.9,6.94,41.355837378162,49.2265637174482
"2015-2016","Male","6-11","Hypertension",83.9,7.37,80.539163743821,86.9392018104903
"2013-2014","Female","30-39","Obesity",22.7,6.21,19.0217692675535,27.8129868177231
"2015-2016","Female","50-59","Obesity",4.2,2.49,-2.97405226931442,9.54231020440347
"2015-2016","Male","60-69","Hypertension",27.2,3.66,24.2139638301916,31.1328908413881
"2005-2006","Female","30-39","High Total Cholesterol",30.1,3.13,23.8309254996944,33.8712856256403
"1999-2000","Male","12-19","Obesity",81.3,0.92,77.3889593708562,86.564004021883
"2003-2004","Male","30-39","High Total Cholesterol",51.5,4.71,43.8164549292997,57.5143910729093
"2013-2014","Male","20-29","Obesity",14.7,2.79,6.76688896892592,19.4086953968974
"2001-2002","Female","40-49","Hypertension",21.9,1.24,17.2591139154742,24.7594329321058
"1999-2000","Female","20-29","High Total Cholesterol",10.4,0.51,4.91859106100164,14.1214385863626
"2015-2016","Male","60-69","High Total Cholesterol",77.4,3.27,73.417526174197,83.3095686490182
"2011-2012","Female","50-59","Hypertension",8.1,2.81,4.18742211293429,10.3848861552775
"2011-2012","Female","50-59","High Total Cholesterol",31.5,4.17,23.7704898482189,39.1315123697277
"2005-2006","Male","70 and over","High Total Cholesterol",46.5,3.18,40.9674231148092,49.0802462855354
"2011-2012","Female","40-49","Obesity",32,3.07,24.1008875118569,39.3283067493467
"2005-2006","Male","30-39","High Total Cholesterol",79.3,0.63,75.6565282315249,80.9098383720964
"2015-2016","Male","30-39","High Total Cholesterol",79.8,7.35,74.237796993996,85.3287914440269
"2005-2006","Male","12-19","Hypertension",81.4,4.35,74.0364522947697,86.8617052020039
"2017-2018","Male","2-5","High Total Cholesterol",72.4,0.76,67.2116739189718,77.9994733499829
"2015-2016","Female","40-49","Obesity",81.4,4.1,74.6785087536322,85.7464535756502
"2013-2014","Female","12-19","Hypertension",41.3,3.71,34.7880957184359,47.1114895717008
"2011-2012","Male","50-59","High Total Cholesterol",37.6,4.07,35.9397905257298,43.9055517383618
"2015-2016","Male","60-69","Hypertension",35.3,6.67,32.1709632059326,42.1008048593765
"2003-2004","Male","60-69","Hypertension",49,0.84,45.6920676754089,54.4625223588664
"1999-2000","Female","20-29","High Total Cholesterol",9.4,1.91,3.41047135912813,15.1264605022501
"2011-2012","Male","6-11","Obesity",65.4,0.87,63.4050582230324,68.5490540695377
"2003-2004","Male","20-29","Hypertension",24.1,3.61,21.5523176366929,30.3305215520319
"2011-2012","Male","40-49","Hypertension",76.5,1.36,71.7455556793138,79.8198156545404
"2017-2018","Female","50-59","Obesity",89.6,7.32,85.6101737964433,95.8983118016273
"2003-2004","Female","6-11","Hypertension",12.1,1.36,7.39636880755424,14.2287121175556
"2009-2010","Male","30-39","Obesity",45.2,0.72,38.5867140817456,50.5356288527139
"2011-2012","Female","2-5","High Total Cholesterol",62.5,3.96,55.8488774737343,65.42831198161
"2005-2006","Male","6-11","Hypertension",74.3,1.98,71.3521536610322,80.7684429015033
"2017-2018","Female","50-59","Obesity",69.6,3.51,67.311260439828,77.5530315897427
"1999-2000","Female","50-59","Hypertension",40.1,1.31,33.3832520039519,44.9999010768021
"2013-2014","Female","60-69","High Total Cholesterol",84.4,2.47,82.2285100276116,90.7703164668987
"2007-2008","Female","30-39","Hypertension",66.4,5.65,60.4005100870039,73.3863920478383
"2003-2004","Male","12-19","Obesity",32.3,2.46,28.2515994426329,34.5019466133788
"2007-2008","Male","50-59","High Total Cholesterol",44.7,1.85,37.1928486808203,48.372521423432
"2007-2008","Male","60-69","Hypertension",87,1.14,85.1503254501149,88.5875315900194
"2009-2010","Female","70 and over","High Total Cholesterol",82.5,5.26,74.5985950798495,87.7493454674259
"2015-2016","Male","60-69","High Total Cholesterol",22.8,2.28,16.0812666300451,26.0576983832987
"1999-2000","Female","6-11","Hypertension",29.7,2.31,26.3636291053146,34.5341687216889
"2005-2006","Male","70 and over","Obesity",33.2,1.54,29.5333851223579,39.1637465267442
"2003-2004","Female","50-59","Hypertension",6.8,3.58,1.06220868260134,9.21894860763569
"2007-2008","Female","50-59","Hypertension",86.8,5.16,84.7438693601405,92.2789383723401
"2001-2002","Male","20-29","High Total Cholesterol",74,6.13,66.3869969093939,81.2505642595934
"1999-2000","Female","6-11","High Total Cholesterol",61.7,6.99,57.8853170489194,64.9354112148751
"2005-2006","Male","2-5","Hypertension",38.3,4.38,33.0372384516057,40.596443530824
"2005-2006","Female","50-59","High Total Cholesterol",26.2,5.14,19.8008331292542,29.3080298569286
"2017-2018","Male","2-5","High Total Cholesterol",83.8,0.68,80.6319951004814,91.1764912182232
"2017-2018","Female","20-29","Obesity",34.9,6.84,27.5829969653627,40.3677621176234
"2007-2008","Male","20-29","Obesity",50.8,2.57,48.2649155634688,53.227257978823
"2009-2010","Male","40-49","Obesity",48.3,2.71,40.872075842414,54.3943904191954
"2005-2006","Male","20-29","Hypertension",83.6,5.84,76.1244860410457,86.1596908392617
"2003-2004","Female","70 and over","High Total Cholesterol",46.7,1.13,40.9551361157093,54.6883268781705
"2003-2004","Female","2-5","Hypertension",58.4,7.28,50.4303426487371,65.1347767346073
"1999-2000","Male","70 and over","Obesity",23.4,6.34,17.5948652580613,27.6368437540717
"2011-2012","Female","60-69","High Total Cholesterol",34.6,1.43,32.1413764114492,39.1382610481465
"2007-2008","Male","2-5","Hypertension",80.7,1.35,74.5092786914203,84.7345149987843
"2011-2012","Female","2-5","High Total Cholesterol",69.6,3.37,64.5639456523582,71.311281776661
"2015-2016","Female","50-59","Hypertension",72.2,1.28,64.3380503288237,77.9923274530331
"2015-2016","Female","30-39","High Total Cholesterol",31.1,3.77,29.2201887296047,38.6686253382592
"2013-2014","Female","2-5","High Total Cholesterol",11,5.95,8.57906066556461,14.1774254462216
"1999-2000","Male","60-69","Obesity",86,2.12,81.0694799292833,87.54168880824
"2007-2008","Male","30-39","Hypertension",42.2,3.21,36.2505256024189,49.0437722841045
"2007-2008","Male","30-39","Obesity",51.6,1.08,47.6342039603274,54.6879729258595
"2013-2014","Male","30-39","High Total Cholesterol",17.9,1.8,14.0653919803211,20.0393323206576
"2001-2002","Female","2-5","High Total Cholesterol",4.8,7.27,0.0812549363588912,6.71738357837312
"2009-2010","Female","50-59","Obesity",21.4,5.28,14.114592564851,26.5115819338011
"2001-2002","Female","50-59","Hypertension",30.7,7.01,22.7123284055153,34.052685393882
"2005-2006","Female","20-29","High Total Cholesterol",53.7,4.64,45.9525619792286,55.3714745867066
"2017-2018","Female","40-49","Obesity",7.5,1.06,5.47379630536307,12.4796601588605
"2011-2012","Male","6-11","Hypertension",24.7,6.42,22.9763534841361,30.8446045455523
"2009-2010","Female","2-5","Hypertension",4.3,0.71,-1.53660826610867,8.20085987024941
"2013-2014","Female","6-11","Obesity",22,6.2,20.1806068606675,26.1739531751955
"1999-2000","Male","2-5","High Total Cholesterol",48.6,3.24,40.817273841612,51.9287346486468
"2013-2014","Male","70 and over","Hypertension",31.7,1.5,28.2966963522369,39.2964800661895
"2007-2008","Male","12-19","Obesity",67.5,5.17,64.2411498533329,71.8271485421574
"2015-2016","Female","20-29","Obesity",86.1,4.83,81.4415320715867,88.5274743389105
"2013-2014","Male","40-49","High Total Cholesterol",22.4,3.64,19.5590795145603,27.8396422527498
"2017-2018","Female","40-49","High Total Cholesterol",88,6.15,85.0122004991863,90.2373473721091
"2005-2006","Male","70 and over","Obesity",11,6.59,6.12477626651525,13.774425009382
"2015-2016","Female","70 and over","High Total Cholesterol",67.1,7.4,63.2212854230544,74.5028433965286
"2015-2016","Male","12-19","High Total Cholesterol",26.8,3.32,19.4285891659791,28.4234995616833
"2005-2006","Male","70 and over","High Total Cholesterol",27.1,2.96,24.0293048292166,32.1614146577427
"2003-2004","Male","60-69","Obesity",8.3,1.35,4.42261024210602,10.9522097924026
"2011-2012","Male","40-49","Hypertension",22.8,7.43,14.9242832557764,24.5563826689729
"2005-2006","Male","50-59","Hypertension",69,7.05,66.5087825526716,70.6848067148821
"2013-2014","Female","20-29","Hypertension",33,7.07,30.2311666237656,39.4344762595138
"2013-2014","Female","60-69","High Total Cholesterol",65.4,3.35,60.4672104404075,71.6930755766574
"2007-2008","Female","30-39","High Total Cholesterol",20.7,5.91,16.5439913426992,23.5235625111265
"2007-2008","Male","6-11","High Total Cholesterol",7.8,3.22,6.15826720774639,15.6002490402432
"2013-2014","Male","40-49","Obesity",66.2,0.73,61.9348352669505,71.9663444215432
"2009-2010","Female","70 and over","Hypertension",26.2,3.27,24.2447067754576,28.5190580157097
"2005-2006","Male","40-49","High Total Cholesterol",31.7,7.21,24.420003596507,38.7436363447225
"2003-2004","Female","12-19","Obesity",77.2,4.16,70.1011414201232,79.9217459174572
"2017-2018","Male","60-69","Hypertension",3.5,5.22,0.078753620153293,8.17920651112217
"2011-2012","Male","12-19","High Total Cholesterol",40.7,0.57,34.8006914543686,43.439171253168
"2007-2008","Male","6-11","High Total Cholesterol",13.3,4.04,11.1392019416206,19.5176360022277
"2013-2014","Female","40-49","Obesity",46.8,5.77,45.2034574768739,53.4009778407169
"2015-2016","Male","60-69","Hypertension",87.9,3.66,80.7385172040435,95.5496724425815
"2017-2018","Female","50-59","High Total Cholesterol",60.6,5.85,54.3446920839138,65.4312673962209
"2003-2004","Male","20-29","Hypertension",79.9,4.44,72.4713366710115,83.2245677703526
"2017-2018","Female","2-5","Obesity",66.9,5.65,65.3311713497154,72.8691444342025
"2013-2014","Male","60-69","High Total Cholesterol",47,5.61,45.2399127795361,49.725080227945
"2003-2004","Female","6-11","High Total Cholesterol",80.1,2.88,76.4715826488333,86.6686074852711
"2001-2002","Male","20-29","Obesity",46.1,5.38,42.088061272772,52.3516640201211
"2017-2018","Male","40-49","High Total Cholesterol",70.9,4.28,65.3848384545185,76.2861472676508
"2013-2014","Female","6-11","Hypertension",47.1,6.65,42.6075337830931,52.3188938070321
"2017-2018","Female","2-5","Obesity",10.3,1.03,8.30224528159015,16.1736072061583
"2011-2012","Male","30-39","Hypertension",50.7,3.14,46.0564566331916,56.0119865155313
"2011-2012","Male","12-19","High Total Cholesterol",34.2,4.98,26.8661767229671,36.4962692583678
"2009-2010","Male","40-49","Hypertension",49.8,0.68,46.12376298483,55.6311430002796
"1999-2000","Female","12-19","High Total Cholesterol",56.8,1.95,49.5298025762429,61.3898771769134
"2005-2006","Male","70 and over","Obesity",24.5,4.94,21.7664655594854,29.7979110087035
"1999-2000","Female","20-29","Obesity",42.7,6.84,39.5757562773535,45.9479352590162
"2007-2008","Female","12-19","Hypertension",11.9,3.97,4.82159126291517,17.963554423512
"2017-2018","Male","20-29","High Total Cholesterol",4.3,1.74,-2.84759476901963,6.42384070653934
"2017-2018","Female","40-49","High Total Cholesterol",11.4,5.78,7.46558599043638,13.6145595228067
"2001-2002","Female","40-49","Obesity",22.5,0.64,17.2435846020235,24.7878322970355
"2011-2012","Female","50-59","Obesity",15.6,4.84,10.9225046969019,21.4446195037104
"2013-2014","Male","6-11","High Total Cholesterol",76.5,4.48,70.1757621145807,83.3675533924252
"2003-2004","Female","60-69","High Total Cholesterol",39.1,1.56,36.133541591838,46.9423148558941
"2001-2002","Female","20-29","High Total Cholesterol",52,0.86,45.6322080645477,54.1285940587986
"2009-2010","Female","2-5","Obesity",54,0.79,47.1383546713041,58.7282056836411
"2003-2004","Female","60-69","High Total Cholesterol",9.1,1.74,6.95296803701203,12.8294074412202
"2015-2016","Female","40-49","Obesity",70,2.21,66.7068361132406,73.6976767103188
"2011-2012","Female","6-11","Hypertension",53.9,6.03,52.2610509557184,60.8410799621837
"2015-2016","Male","70 and over","Hypertension",70.2,1.72,64.8244207156124,76.2706268950598
"2009-2010","Female","70 and over","Hypertension",41,7.29,33.0891514871037,46.5886314339004
"2013-2014","Male","12-19","Hypertension",58,3.94,51.0050787309883,65.3553648421075
"2015-2016","Male","6-11","Obesity",68.2,3.27,62.855288630398,74.5289241335588
"2007-2008","Male","40-49","Obesity",63.4,4.07,59.6682077882346,68.0395490583964
"2011-2012","Female","70 and over","Hypertension",88.5,6.34,82.7983443040866,94.0938366508344
"2015-2016","Male","12-19","Hypertension",27.4,0.89,25.658374198922,33.4657793140272
"2001-2002","Male","60-69","Hypertension",8.6,1.09,6.34313449114561,12.9653690223582
"2013-2014","Male","2-5","Hypertension",40,7.03,35.1422473991988,43.6085962939542
"2015-2016","Male","6-11","Hypertension",29.7,7.21,22.536560826865,31.2904375449754
"2013-2014","Male","6-11","High Total Cholesterol",40.3,3.28,38.1332878424553,43.4636565465014
"2005-2006","Female","50-59","Hypertension",41.7,3.99,33.9139965560054,44.963552346034
"2011-2012","Male","30-39","High Total Cholesterol",59.5,3.3,51.8315511754481,63.0662432805402
"2013-2014","Female","40-49","High Total Cholesterol",4.4,2.02,-3.18872942230664,6.44635168693494
"2001-2002","Male","30-39","Hypertension",23.3,5.74,16.8690973814344,30.7056751419557
"2009-2010","Male","30-39","High Total Cholesterol",45.4,5.08,43.7602222425397,49.1924459336791
"1999-2000","Female","20-29","Obesity",80.3,4.14,76.0272298700409,87.9024452319834
"2017-2018","Female","20-29","Obesity",27.1,1.96,24.6311621595174,34.9701127193635
"2009-2010","Male","60-69","Obesity",29.1,5.65,24.8007706626318,31.4377417004667
"2007-2008","Male","70 and over","Obesity",88.9,4.14,83.8968178025447,94.0072975748684
"2017-2018","Male","2-5","Obesity",43.4,1.67,37.0836948173586,48.6297087180195
"2015-2016","Female","20-29","Obesity",3.2,4.28,-3.22081709788181,6.23416505607311
"2001-2002","Male","60-69","Hypertension",8.2,3.14,0.768349593318998,14.0614985038294
"2003-2004","Female","6-11","High Total Cholesterol",84.1,6.65,80.6938158723293,90.8839527432807
"2003-2004","Male","60-69","Obesity",44.1,6.59,38.9877424272941,46.1084607115714
"2001-2002","Female","50-59","Obesity",76.4,2.5,73.6305850577541,82.3747211860959
"2017-2018","Female","6-11","Hypertension",75.4,2.6,68.8533706197981,80.7952273615869
"2013-2014","Female","30-39","Obesity",69.9,2.98,64.5593388664769,74.4418662283337
"2013-2014","Male","70 and over","Hypertension",55.5,3.74,50.4689603671432,59.1888303336455
"2001-2002","Female","2-5","High Total Cholesterol",51.6,4.35,48.975943780411,55.7647820003564
"2009-2010","Male","40-49","Obesity",48.7,3.85,41.3095920653315,50.4332907777745
"2011-2012","Female","60-69","High Total Cholesterol",23.8,6.21,15.9332582910545,28.1740643300116
"1999-2000","Female","60-69","High Total Cholesterol",56.6,1.77,48.667896425142,63.0747846857645
"2011-2012","Female","6-11","Obesity",78.3,7.3,76.5792395151919,82.8649562746985
"2013-2014","Female","50-59","High Total Cholesterol",69.5,4.96,67.0473876541946,72.9456007198896
"2009-2010","Male","60-69","High Total Cholesterol",19.3,7.1,13.2854181146948,25.55940691086
"2017-2018","Male","60-69","Hypertension",35.4,4.14,33.1818915485404,37.3335419038543
"1999-2000","Female","60-69","High Total Cholesterol",68.8,6.32,67.1508304216666,73.8801327602239
"2011-2012","Male","30-39","Obesity",10.6,7.3,9.00765720047057,18.4914802405052
"2011-2012","Male","20-29","Obesity",60.1,0.7,56.5814960310468,63.3238402172225
"2003-2004","Male","70 and over","Hypertension",65.3,1.73,59.8053945273394,71.9281193308532
"1999-2000","Male","60-69","Hypertension",77.7,6.3,70.1475882247789,84.3867670239881
"2013-2014","Male","40-49","Obesity",21.3,4.87,18.2646178002004,28.5143838626798
"2017-2018","Female","60-69","Obesity",27,5.92,19.8513727915706,30.0760049817618
"1999-2000","Male","20-29","Hypertension",75.7,5.87,68.5720893089194,80.8369373404887
"1999-2000","Female","12-19","High Total Cholesterol",27.4,2.2,25.3749460604507,34.7810280938633
"2001-2002","Male","30-39","Obesity",76.8,2.17,75.1480626748642,78.3532907004235
"2001-2002","Female","2-5","High Total Cholesterol",56.8,2.5,54.84526790604,59.3627449635649
"2005-2006","Male","6-11","Hypertension",24.7,1.04,19.4381918189349,27.8888841133332
"2017-2018","Male","40-49","High Total Cholesterol",56.9,1.1,51.999409047747,63.4229752975283
"2017-2018","Male","12-19","Hypertension",7.8,4.47,2.01900676877703,9.76206524549052
"2007-2008","Male","6-11","Hypertension",82.6,3.96,79.9930438049138,89.9224877204047
"2015-2016","Female","60-69","High Total Cholesterol",80.1,2.43,78.1224595199106,83.6472274530912
"2003-2004","Female","2-5","High Total Cholesterol",62.7,4.25,56.9259624225553,69.9796755129239
"2011-2012","Female","40-49","Hypertension",86,4.1,84.4013572798576,91.4569466406247
"2011-2012","Male","60-69","High Total Cholesterol",51.5,0.78,48.9432763039367,55.9597615879029
"2001-2002","Male","30-39","High Total Cholesterol",71.1,3.49,65.6504049320007,77.1602335202275
"2001-2002","Female","70 and over","High Total Cholesterol",72.6,0.9,70.751044234517,79.0113621501019
"2007-2008","Male","70 and over","Obesity",26.1,3.21,24.18075844415,31.0307488149498
"2013-2014","Male","6-11","Obesity",28.5,4.48,24.8320131109795,30.1057740205433
"2005-2006","Male","60-69","Hypertension",22.6,1.44,20.227868037438,24.5987084126333
"2005-2006","Male","40-49","Hypertension",78.1,1.57,75.8821634397842,83.9651660527103
"2011-2012","Female","40-49","High Total Cholesterol",66,2.6,62.5862990047317,72.1721074354136
"2017-2018","Male","30-39","Obesity",16.3,3.18,9.20088397578802,20.7671686205547
"2007-2008","Male","6-11","High Total Cholesterol",77.2,1.9,70.9760085626505,80.1524518623948
"2001-2002","Male","60-69","Hypertension",58,6.4,54.1022418050561,64.2169749313034
"2001-2002","Male","20-29","Obesity",51.3,2.67,49.277060796693,52.9141671750229
"2003-2004","Female","20-29","Obesity",6.8,2.85,2.14810223232489,11.8314708471997
"2009-2010","Male","20-29","High Total Cholesterol",27.3,5.28,24.6607008858817,29.3286419759505
"2001-2002","Female","70 and over","Obesity",55,4.35,47.5440650754608,62.3649814875098
"2017-2018","Female","60-69","Hypertension",86.2,1.35,84.2716464159777,92.8059424695559
"2015-2016","Male","20-29","High Total Cholesterol",8.1,5.62,0.30538181415759,12.4096197519917
"2003-2004","Male","2-5","High Total Cholesterol",42.8,3.33,38.89241118317,48.2913412053138
"2009-2010","Female","6-11","High Total Cholesterol",38.5,1.41,33.8872423764551,44.9949006000534
"2003-2004","Female","60-69","Obesity",47.3,6.19,44.5055351957679,50.1981186372694
"2013-2014","Female","40-49","High Total Cholesterol",6.4,6.75,0.801361686177552,10.8757559184218
"1999-2000","Male","50-59","High Total Cholesterol",78.1,7.03,70.5420732543804,79.600609323266
"2001-2002","Male","6-11","High Total Cholesterol",25.7,6.24,18.3191291044233,32.0360750370193
"2007-2008","Female","20-29","High Total Cholesterol",43.1,3.71,37.9667276689084,49.3187548143556
"2007-2008","Male","30-39","High Total Cholesterol",22,6.79,17.7001178624341,24.2092259090859
"2005-2006","Female","12-19","High Total Cholesterol",84.4,2.74,76.5824989930028,90.5464779642411
"2011-2012","Female","20-29","High Total Cholesterol",64.8,2.84,62.3358597763116,71.0315559164854
"2003-2004","Male","12-19","Obesity",37.7,5.4,33.8618043343769,41.975335267419
"2017-2018","Female","6-11","Obesity",27.4,1,20.4404073580867,31.1647280927049
"2011-2012","Female","20-29","High Total Cholesterol",64.2,4.14,57.6718101160834,67.1645231898176
"2017-2018","Male","6-11","Obesity",22.2,5.37,20.2861115867738,27.9478169392562
"2011-2012","Female","2-5","High Total Cholesterol",28.5,5.54,24.1022245291388,30.5017814741004
"2001-2002","Male","20-29","Hypertension",80.3,5.62,76.1796535577858,83.0395519578131
"2001-2002","Male","20-29","Obesity",46.4,7.17,43.0128148526186,49.7369580405997
"2001-2002","Female","40-49","Hypertension",85.9,7.46,82.1653978508897,91.9887858222704
"2003-2004","Male","30-39","High Total Cholesterol",70.5,3.16,62.9403945481172,74.3042418602854
"2013-2014","Female","6-11","High Total Cholesterol",78.1,7.2,74.6462554384721,86.0909784171032
"2015-2016","Female","20-29","High Total Cholesterol",53,4.59,45.579092981061,55.6371967287268
"1999-2000","Male","40-49","Obesity",8.9,2.75,7.38084378812928,16.4988410476129
"2011-2012","Male","6-11","High Total Cholesterol",48.1,1.17,44.6667937167455,50.5427477919962
"2013-2014","Male","30-39","High Total Cholesterol",81.2,1.6,77.8888701807475,88.1375776537927
"1999-2000","Male","12-19","High Total Cholesterol",5.7,1.44,3.58214626431,12.7707084803144
"2015-2016","Female","70 and over","Obesity",12.5,5.63,5.16755345766433,15.7416961316485
"2003-2004","Female","30-39","High Total Cholesterol",57.9,2.42,52.6696565245278,61.3449018669547
"2015-2016","Male","20-29","Obesity",44,7.34,40.4227232100675,49.5778182663489
"2001-2002","Male","12-19","Hypertension",89.1,3.11,81.3554765878012,94.7253658332862
"2005-2006","Female","30-39","High Total Cholesterol",69.9,1.33,66.6583643195685,74.2411181821721
"2013-2014","Female","6-11","High Total Cholesterol",70.3,1.44,63.1829172563273,75.7149531578878
"2005-2006","Male","60-69","Hypertension",39.1,2.02,35.9577036180068,40.753172915685
"2001-2002","Male","70 and over","Hypertension",89.7,6.72,88.0859113098588,95.5530401990283
"2009-2010","Female","60-69","High Total Cholesterol",41.3,7.22,38.5594237297308,45.4331503093243
"2003-2004","Female","60-69","High Total Cholesterol",87.2,1.77,85.5902139990823,90.7246782168979
"2011-2012","Female","12-19","High Total Cholesterol",50.8,7.27,45.6726888211677,54.7426809677388
"2003-2004","Female","6-11","High Total Cholesterol",68.5,2.23,63.2938736673677,74.6589545164024
"2011-2012","Male","20-29","High Total Cholesterol",60.9,4.54,54.6983157488052,65.41788824494
"2011-2012","Female","40-49","High Total Cholesterol",75.2,1.31,68.1497063439339,80.321107705636
"2011-2012","Female","2-5","High Total Cholesterol",60.4,0.87,52.8791142593604,63.8328437151853
"2011-2012","Female","40-49","Obesity",3.5,3.63,-0.840671355603263,10.7569313433487
"2013-2014","Female","20-29","Obesity",6.7,2.56,4.81868645541836,13.0278375765076
"2013-2014","Female","6-11","Obesity",83.5,3.29,80.1892964220606,88.6195936814183
"1999-2000","Male","20-29","Obesity",40.4,6.65,34.650892005628,48.2211283433484
"2007-2008","Male","40-49","High Total Cholesterol",58.2,5.53,50.5549301266903,61.2613492906559
"2015-2016","Male","40-49","High Total Cholesterol",56.3,7.39,51.9458052679663,63.4945803608978
"1999-2000","Female","20-29","Obesity",85.9,0.51,78.0782894065837,93.5626703047659
"2009-2010","Male","30-39","Obesity",65.9,3.96,60.4201313487487,72.2453112274874
"2015-2016","Male","30-39","High Total Cholesterol",21.4,3.03,16.3081198963104,25.4466171874432
"2017-2018","Female","20-29","High Total Cholesterol",35.7,2.35,33.2178350906353,40.5927288465202
"2017-2018","Male","50-59","High Total Cholesterol",60.7,2.5,56.4501327301143,65.9275329675758
"2013-2014","Female","50-59","Hypertension",24,4.84,19.1320239715278,28.9461959411856
"2013-2014","Male","60-69","Obesity",53.2,6.49,47.7063371086726,60.8575321858982
"2011-2012","Female","50-59","High Total Cholesterol",10.5,4.4,8.19185971864499,17.6970585278468
"2011-2012","Male","50-59","High Total Cholesterol",84.7,1.72,80.7967852881877,90.2502527005738
"1999-2000","Male","60-69","High Total Cholesterol",23.3,1.77,16.9556938542053,30.6501109996578
"2017-2018","Female","12-19","High Total Cholesterol",27.8,1.65,25.0622165036155,34.2054780147271
"2015-2016","Male","40-49","High Total Cholesterol",42.3,5.56,39.6818316917168,45.600130104064
"2013-2014","Male","70 and over","Hypertension",43.4,7.22,41.5275469036773,44.9501827778062
"2003-2004","Female","6-11","Obesity",25.9,6.92,20.985324785905,32.787810408487
"2013-2014","Female","60-69","High Total Cholesterol",20.6,3.48,16.9690546395956,22.8126834708033
"2009-2010","Male","6-11","Obesity",66,4.04,64.3914475495694,68.2694883507211
"1999-2000","Female","2-5","Hypertension",39.8,5.98,33.4437987121753,42.3194158152444
"2005-2006","Male","60-69","Obesity",59,5.64,53.4170021188911,61.2572600807762
"2003-2004","Female","20-29","High Total Cholesterol",57.7,3.72,49.8862087157788,63.1369709306629
"2007-2008","Male","70 and over","Obesity",7.7,4.7,0.570939903426916,15.3407541506924
"2011-2012","Male","30-39","Hypertension",44.6,7.2,40.0383370302385,50.8861542195315
"2001-2002","Male","12-19","High Total Cholesterol",57.3,5.24,50.7416330589447,62.1457663642475
"2013-2014","Male","70 and over","Hypertension",31.5,3.39,25.0391224614577,33.5289888213156
"2013-2014","Female","20-29","Hypertension",64.4,3.41,57.3491061873268,69.2375845302362
"2005-2006","Male","2-5","Obesity",81.3,1.22,74.864884871128,87.9361487110844
"2013-2014","Male","70 and over","Hypertension",37.5,6.69,35.4308685604483,44.4354020032333
"2017-2018","Female","40-49","Hypertension",37.2,7.41,31.2555539514171,45.1982131310971
"2009-2010","Male","40-49","High Total Cholesterol",45.6,4.64,41.2869313489879,49.8433129135752
"2001-2002","Male","20-29","High Total Cholesterol",7.6,6.83,2.84738556810189,14.6082614863059
"1999-2000","Female","70 and over","High Total Cholesterol",32,2.65,27.4305971118156,34.7908422305482
"2015-2016","Female","30-39","Obesity",19.7,5.23,14.8354999316391,22.3959374338621
"2003-2004","Female","6-11","Hypertension",36.5,5.65,30.0320647743065,41.6076364294859
"2007-2008","Female","6-11","Obesity",41,3.35,35.2202981644077,43.2509125395445
"2007-2008","Female","6-11","High Total Cholesterol",16.7,6.32,12.3830466212705,18.4844363846816
"2015-2016","Female","60-69","High Total Cholesterol",9.3,4.73,5.09105839168187,12.5031561153708
"2005-2006","Female","30-39","Obesity",60.8,3.79,56.5735196267022,64.368930920097
"2017-2018","Male","70 and over","Hypertension",39.4,1.58,36.9466343340231,47.0400495392736
"2003-2004","Female","12-19","High Total Cholesterol",12.6,0.53,4.90329667706974,16.9452113140374
"2003-2004","Male","40-49","Hypertension",43.3,6.99,40.2290743006859,47.7503073771484
"2009-2010","Male","30-39","High Total Cholesterol",27.1,7.14,19.9947296577971,29.0847170462599
"2017-2018","Male","6-11","Hypertension",11.1,4.02,3.97623435794376,15.0278690257343
"2005-2006","Female","70 and over","Hypertension",18.7,2.09,16.9432092913659,23.9264048616635
"2011-2012","Female","20-29","High Total Cholesterol",48.6,6.54,44.9780538726132,55.6788354763063
"2015-2016","Female","30-39","High Total Cholesterol",19.7,3.04,15.9232911704341,22.7070939919678
"2003-2004","Female","2-5","Hypertension",47.8,3.93,43.6650400950573,55.5222366750939
"2009-2010","Male","2-5","High Total Cholesterol",34,7.13,31.4563588513993,41.1379507522797
"2007-2008","Female","6-11","Hypertension",74.9,4.4,67.2648512195796,77.8520496523473
"2015-2016","Male","50-59","Obesity",30.3,0.7,22.3096287026536,34.3307040296029
"2005-2006","Female","30-39","Hypertension",48.4,6.86,42.3281388007803,53.9005611403612
"2003-2004","Female","50-59","High Total Cholesterol",24.1,1.44,20.5815226638457,26.4946364974836
"2011-2012","Male","30-39","Obesity",31.3,2.58,28.133357524476,34.5640826214338
"2005-2006","Female","20-29","Hypertension",37.8,2.09,30.6155944669852,43.1644681996666
"2007-2008","Female","6-11","Obesity",59.6,1.59,52.1701863786671,62.1451701100683
"2013-2014","Male","30-39","Hypertension",7.9,1.16,2.90074171822052,12.5120649800869
"2011-2012","Male","12-19","High Total Cholesterol",64.4,4.47,59.014586593234,71.4211298650829
"2013-2014","Female","12-19","High Total Cholesterol",50.3,6.56,45.2683457681676,55.1545210001757
"2009-2010","Female","40-49","Obesity",32.5,0.73,26.9946287503699,36.4225839663995
"2013-2014","Female","2-5","Hypertension",67.1,6.78,61.1164068259764,72.4044083991554
"2011-2012","Female","12-19","Obesity",26.2,6.43,19.5520550641697,32.4209900807356
"1999-2000","Female","30-39","Obesity",11.7,5.34,7.31864181840792,15.4540880020242
"2009-2010","Female","6-11","Obesity",35.5,5.11,30.768526469823,38.0471561619779
"2017-2018","Male","60-69","Obesity",9.9,2.81,3.21586087110918,13.8179263563128
"2009-2010","Female","30-39","Hypertension",22.7,1.56,18.0745340895839,28.1032826784533
"2017-2018","Female","12-19","High Total Cholesterol",88.9,2.85,82.7706988773774,95.2198069840437
"2005-2006","Male","60-69","Hypertension",13.3,4.28,7.76169636084233,14.9089749006787
"2015-2016","Male","30-39","Obesity",54.7,2.49,52.9010972882854,62.3626728714909
"2015-2016","Female","12-19","Hypertension",63.2,3.51,59.3216581838671,65.5492384916171
"2017-2018","Female","20-29","High Total Cholesterol",48.3,2.6,44.9199532962637,49.9759635012131
"2005-2006","Female","20-29","High Total Cholesterol",37.9,3.48,34.1781689135591,44.8875341980951
"2007-2008","Female","2-5","High Total Cholesterol",39.7,5.3,36.2476322503528,44.099240285391
"2015-2016","Male","20-29","Obesity",49,0.59,42.1224347273819,52.1351437456906
"2003-2004","Male","50-59","Hypertension",62.9,6.23,59.4084539155941,69.8364603656577
"2003-2004","Male","70 and over","Hypertension",88.6,1.29,82.1311042834073,93.1890773333376
"2001-2002","Male","40-49","Hypertension",47.8,2.77,40.7319278368494,50.0745198354823
"2011-2012","Male","30-39","High Total Cholesterol",45.8,5.08,40.8875097907847,48.0866803944344
"1999-2000","Female","40-49","High Total Cholesterol",28.5,4.88,20.9452749683987,35.7093213577755
"2003-2004","Female","12-19","High Total Cholesterol",16.9,6.31,9.91607135892846,18.7329297716264
"2011-2012","Female","2-5","Hypertension",31.9,0.56,29.2409446157748,35.6896867421223
"2001-2002","Female","50-59","Obesity",28.5,6.76,26.6796099952189,32.6946628201986
"2015-2016","Female","2-5","Hypertension",34.8,4.21,28.7116742556216,41.2429275724106
"2007-2008","Female","6-11","Obesity",44.4,2.79,42.5215206253109,50.4194440025371
"1999-2000","Female","12-19","Hypertension",35.6,1.83,33.3131932594348,43.1432298355736
"2017-2018","Female","70 and over","Obesity",40.1,4.89,35.707701817411,42.6679717555176
"2015-2016","Female","20-29","High Total Cholesterol",22.7,6.55,19.3232143385569,29.5011461853748
"2015-2016","Female","2-5","Hypertension",7.8,5.1,3.56527737325523,12.9019746533129
"2011-2012","Male","50-59","Hypertension",77.7,6.68,72.1873806034448,84.9699607826071
"2001-2002","Female","20-29","Hypertension",51.8,1.07,44.8149495608639,59.4019159887219
"2013-2014","Male","6-11","Hypertension",49.8,0.6,45.5370016403729,51.3885830785846
"2011-2012","Male","12-19","Hypertension",56.7,1.94,52.9833288889378,60.9027521885466
"2009-2010","Male","20-29","Obesity",22.1,6.25,18.9872868051985,24.2593903413741
"2011-2012","Female","20-29","High Total Cholesterol",48.2,2.74,46.2548667932162,52.7208478877321
"2017-2018","Male","70 and over","High Total Cholesterol",65.9,2.5,63.7220784140285,72.076990531385
"2001-2002","Female","6-11","Hypertension",5.5,1.52,0.18261332961265,10.0031368343625
"2001-2002","Male","60-69","High Total Cholesterol",58.4,3.54,54.4455416266341,61.0778353393311
"2007-2008","Male","12-19","High Total Cholesterol",67.4,6.65,64.7254399516154,72.6562698014081
"2011-2012","Male","30-39","High Total Cholesterol",41.7,6.21,36.8139285480604,45.0883615942905
"2017-2018","Female","6-11","Hypertension",72.4,4.3,65.5663755190093,78.6626027211081
"2015-2016","Female","20-29","High Total Cholesterol",60,5.78,53.8653593190247,67.4595561694587
"2011-2012","Male","30-39","High Total Cholesterol",55.9,6.1,53.9290527009638,59.0828002652619
"2009-2010","Male","50-59","Hypertension",18.9,1.94,16.1613287012791,23.9514019436669
"2005-2006","Male","6-11","High Total Cholesterol",67.6,2.42,65.957866040431,74.0723404038232
"2003-2004","Male","6-11","High Total Cholesterol",39.6,4.88,33.4114447545959,44.4674747074256
"2003-2004","Female","30-39","Obesity",12.4,2.11,8.14996480939444,15.3214714959962
"2017-2018","Male","70 and over","Hypertension",16.8,2.74,14.5054106313735,20.9195097640157
"2001-2002","Female","70 and over","Hypertension",71.4,1.66,68.389859216148,76.5402709532995
"2003-2004","Female","2-5","High Total Cholesterol",13.3,6.76,9.89878599783406,15.157715253369
"1999-2000","Male","70 and over","High Total Cholesterol",43.6,5.95,35.7709395849612,50.0791489400668
"1999-2000","Male","6-11","Hypertension",35.2,0.91,29.3204250991577,36.8950971664628
"1999-2000","Male","40-49","Obesity",45.9,4.89,43.2493856587447,48.2524669625331
"2005-2006","Male","6-11","Obesity",52.3,6.06,49.2120055551175,56.4897365424084
"2003-2004","Male","70 and over","Hypertension",86,3.79,81.6606908489484,91.4775211239466
"2001-2002","Female","30-39","Obesity",18.7,6.93,15.7842068821657,24.3509478245862
"2011-2012","Male","70 and over","Obesity",36.6,3.59,31.0560240771389,42.2842947916593
"2001-2002","Female","60-69","High Total Cholesterol",40.5,0.53,35.8726936781313,42.6083596181124
"2001-2002","Male","20-29","High Total Cholesterol",76.9,5.9,70.3997650280129,81.1359497710131
"2011-2012","Male","12-19","Obesity",5.9,5.69,1.05813297382556,7.62958238678984
"2017-2018","Female","30-39","Obesity",4.9,3.58,1.34161023816559,8.45744930077344
"2005-2006","Female","60-69","Obesity",31.5,3.01,24.6376798738493,38.8430804840755
"2005-2006","Male","12-19","Obesity",32.8,2.6,25.2657670955639,35.8550589649938
"2013-2014","Male","2-5","Hypertension",79.5,4.31,75.3497495405609,85.5104930484667
"2015-2016","Female","12-19","Hypertension",52.1,2.39,49.5942510238616,59.401079594763
"2003-2004","Male","6-11","High Total Cholesterol",13.9,3.25,12.110805948358,19.8533497074153
"2015-2016","Female","30-39","High Total Cholesterol",8.4,2.69,1.65581144040916,10.6091648918577
"2003-2004","Male","6-11","Obesity",13.1,5.79,9.9362330540549,19.9329507308081
"2009-2010","Male","6-11","Obesity",75.7,0.86,69.8818993422203,81.7500812344253
"2007-2008","Female","40-49","Obesity",38.9,6.26,35.6827428285964,45.0180222594412
"2001-2002","Male","40-49","High Total Cholesterol",87.3,6.89,84.9055944865802,91.735656715068
"2009-2010","Male","2-5","High Total Cholesterol",64.2,5.56,61.5587064421736,66.6463853256311
"1999-2000","Female","12-19","High Total Cholesterol",26.4,1.51,21.8000605315668,28.6388947304571
"2007-2008","Male","50-59","High Total Cholesterol",80.6,3.7,75.0294584005838,87.9134605530649
"2003-2004","Female","50-59","Obesity",59.4,2.42,51.8869175377535,62.1643641571049
"2003-2004","Male","12-19","Obesity",89.7,2.85,81.7401621668134,91.8547943039332
"2003-2004","Female","6-11","Hypertension",13,1.71,9.82424964453094,15.6334079974331
"2009-2010","Female","20-29","High Total Cholesterol",71.6,3.61,64.9880682864692,75.1547524431022
"2015-2016","Female","30-39","High Total Cholesterol",88.2,5.72,85.0445759969763,94.0821705454029
"2003-2004","Male","2-5","Hypertension",68.2,3.37,63.8499196524965,73.7992746603442
"2001-2002","Female","60-69","High Total Cholesterol",70.5,4.95,63.4288436186034,74.5436109213624
"2007-2008","Female","70 and over","High Total Cholesterol",88.1,4.57,82.0971096197842,93.569187385519
"2007-2008","Female","12-19","High Total Cholesterol",31.4,5.26,27.7134245206602,38.6586399710271
"2011-2012","Male","30-39","Hypertension",36.2,1.93,28.6845287491335,42.3941822300432
"2001-2002","Female","60-69","Obesity",18.5,6.33,14.1619989313185,23.2078241178533
"2013-2014","Male","12-19","Obesity",39.2,5.54,35.2393655399093,45.9626982261427
"2011-2012","Female","2-5","High Total Cholesterol",39.8,1.98,33.0590511664748,43.2888367094099
"2011-2012","Male","2-5","Hypertension",55.2,1.61,48.8457442534156,58.0589177331887
"2013-2014","Male","6-11","Hypertension",38.8,4.3,33.6068826893577,42.2164342774311
"2007-2008","Male","60-69","High Total Cholesterol",9.8,0.98,3.6661004275782,11.9433236915618
"2001-2002","Female","70 and over","Obesity",60,2.98,56.430880318163,62.7325209170813
"2003-2004","Female","12-19","Hypertension",5.9,4.71,1.46721211469267,8.18947192733176
"2015-2016","Female","2-5","Obesity",16.4,1.66,8.83941792135592,20.9898726684973
"2003-2004","Male","6-11","High Total Cholesterol",86.9,5.13,82.0034472568426,93.0616670483491
"2003-2004","Female","12-19","Obesity",47.2,3.81,43.5535765022971,50.0027375042439
"2007-2008","Female","40-49","Obesity",27.6,6.43,21.2720323498594,31.1915066347225
"2011-2012","Male","12-19","Obesity",3.2,2.54,-3.44558899251278,7.81098505777773
"2013-2014","Female","60-69","Obesity",31.1,5.86,26.4180322950939,36.8910692825681
"2017-2018","Female","6-11","Obesity",80,7.08,73.7173901326023,85.7830548320198
"2005-2006","Female","12-19","Hypertension",17,4.61,13.1137644359842,24.2303466161247
"2003-2004","Female","30-39","Hypertension",36.3,7.33,32.6286059575621,38.037767977058
"2011-2012","Female","70 and over","High Total Cholesterol",51.5,5.79,48.2043138700537,54.6306974727195
"2013-2014","Male","2-5","Hypertension",46,7.35,38.0341250494821,49.6451443333644
"1999-2000","Male","70 and over","Hypertension",65.9,1.64,60.4060110453051,72.7458517732797
"2011-2012","Male","12-19","Hypertension",73.7,6.02,69.653685111017,79.2437554796226
"2015-2016","Female","20-29","High Total Cholesterol",38.6,1.39,33.9926069512963,41.7867397386814
"2003-2004","Male","2-5","Hypertension",22.6,2.3,20.8215493391268,27.2744746884797
"2017-2018","Male","2-5","Obesity",47,1.28,43.1922148802551,53.2535881573567
"2009-2010","Female","40-49","Obesity",29.2,5.73,24.9103270278312,31.4346442837734
"2005-2006","Female","50-59","High Total Cholesterol",75.1,4.12,69.8944528936641,79.9383425828069
"2015-2016","Female","50-59","Hypertension",26,6,20.4172914142255,31.7677571267122
"2007-2008","Male","6-11","Obesity",46.1,5.72,43.171681000758,48.8840126171941
"2015-2016","Female","30-39","Hypertension",11.4,6.59,4.40126296735834,16.0649760034634
"2015-2016","Female","20-29","Obesity",28,6.22,25.127491600113,34.8845816545654
"2007-2008","Male","70 and over","High Total Cholesterol",76.5,6.13,70.0533267630963,83.5850064976839
"2009-2010","Male","50-59","Hypertension",44.4,7.02,36.9511233573779,50.8727503760951
"2009-2010","Male","50-59","Obesity",42.5,4.16,39.1335458365502,48.2108828801429
"2009-2010","Female","50-59","Hypertension",20.4,4.9,17.6710933525814,23.1514532381902
"2013-2014","Male","50-59","Obesity",25.6,1.8,17.7096404406708,28.3545686294325
"2005-2006","Female","30-39","High Total Cholesterol",50,3.64,44.4445310271112,54.8477422975702
"2013-2014","Male","70 and over","Obesity",66.1,6.54,58.4000448362436,72.5097369667143
"2011-2012","Male","60-69","Hypertension",19.1,2.28,16.5182331130141,27.0621187421726
"2011-2012","Male","70 and over","Obesity",19.1,6.29,15.6609629302053,22.8868323002476
"2007-2008","Female","12-19","Hypertension",82.9,4.7,78.7427412462188,85.8694341232535
"2013-2014","Male","40-49","High Total Cholesterol",14.6,1.68,12.7759238451486,20.7430638219463
"1999-2000","Female","12-19","Hypertension",3.6,3.82,-2.13712683829945,7.91968694087118
"2011-2012","Male","6-11","Obesity",26.7,6.05,23.7510482999962,34.194041288388
"2017-2018","Male","6-11","Obesity",60.1,3.11,57.5836688706419,67.5778916513314
"2011-2012","Male","40-49","Hypertension",47.2,2.29,41.0135328156641,51.1546131956158
"2007-2008","Male","30-39","Obesity",30.2,2.24,23.9934072534554,32.5625788617646
"1999-2000","Female","40-49","Obesity",19.7,2.74,16.4853270182386,26.1312457697233
"2011-2012","Male","2-5","Hypertension",88,1.6,82.6868273079162,95.9437970549334
"2011-2012","Female","60-69","Obesity",67.7,3.13,61.0902890257305,69.4801719027339
"2003-2004","Female","50-59","Obesity",38.4,1.64,34.4574873071164,41.5398822681513
"2003-2004","Female","70 and over","Hypertension",12.1,7.19,9.58027982958592,13.6247089461191
"2015-2016","Female","50-59","High Total Cholesterol",62.6,7,57.2198094261345,66.0567136449041
"1999-2000","Female","20-29","Hypertension",55.4,3.71,53.2087037517689,57.1381268267054
"2015-2016","Male","6-11","High Total Cholesterol",59.6,4.69,54.6555818942375,64.2500500601251
"2011-2012","Male","2-5","Obesity",68.6,3.52,62.3420219165506,73.6606775067281
"2009-2010","Male","2-5","High Total Cholesterol",55,2.84,52.1964099541074,62.0818112670677
"1999-2000","Male","40-49","High Total Cholesterol",10.8,5.19,5.78614856984932,12.3321146454662
"2013-2014","Female","6-11","Obesity",63.7,0.9,61.6722183702979,71.6960541672772
"2007-2008","Male","6-11","Obesity",4.8,1.09,0.912192814820446,6.32763604780193
"2017-2018","Male","2-5","Obesity",88,4.54,82.9753028808627,93.9561648463132
"2015-2016","Male","6-11","Hypertension",85.8,1.27,81.3993004769552,93.7143531398149
"2007-2008","Female","60-69","Obesity",74.6,2.67,72.076148824906,80.8595909023657
"2003-2004","Male","60-69","Hypertension",24.7,0.81,20.9320105411345,30.2766847212799
"1999-2000","Female","40-49","Obesity",53.3,3.76,48.6413109079702,55.3511611545226
"2009-2010","Male","6-11","High Total Cholesterol",32.9,4.73,31.2231583292363,38.3410681683803
"2005-2006","Male","30-39","Obesity",86.8,3.43,84.9771545776864,91.9150433183648
"2013-2014","Female","60-69","Hypertension",77.1,5.61,75.0720727918902,81.6933838908095
"2015-2016","Female","6-11","Hypertension",65.7,5.97,63.0531652203528,67.2594283059472
"2015-2016","Male","50-59","High Total Cholesterol",71.8,4.14,65.3363313795533,79.1563470911467
"2013-2014","Male","30-39","High Total Cholesterol",67.6,3.81,62.1529946516035,71.6876371156191
"2011-2012","Male","20-29","High Total Cholesterol",31.3,5.86,25.0022722781403,35.4371561997803
"2005-2006","Male","70 and over","High Total Cholesterol",80.7,3.51,73.6615899084602,88.2323288500076
"2013-2014","Female","6-11","Hypertension",7.8,5.47,-0.179130385676399,14.3384393995628
"2007-2008","Male","20-29","Hypertension",52.1,7.44,46.9131269986043,56.3397183362627
"1999-2000","Male","2-5","Hypertension",30.7,4.62,28.7579459809232,35.7183824731503
"1999-2000","Male","12-19","Obesity",69.6,6.53,67.059963753121,74.2006082168315
